-- phpMyAdmin SQL Dump
-- version 4.8.4
-- https://www.phpmyadmin.net/
--
-- Host: 127.0.0.1
-- Waktu pembuatan: 22 Sep 2019 pada 15.14
-- Versi server: 10.1.37-MariaDB
-- Versi PHP: 7.3.1

SET SQL_MODE = "NO_AUTO_VALUE_ON_ZERO";
SET AUTOCOMMIT = 0;
START TRANSACTION;
SET time_zone = "+00:00";


/*!40101 SET @OLD_CHARACTER_SET_CLIENT=@@CHARACTER_SET_CLIENT */;
/*!40101 SET @OLD_CHARACTER_SET_RESULTS=@@CHARACTER_SET_RESULTS */;
/*!40101 SET @OLD_COLLATION_CONNECTION=@@COLLATION_CONNECTION */;
/*!40101 SET NAMES utf8mb4 */;

--
-- Database: `lppm2`
--

-- --------------------------------------------------------

--
-- Struktur dari tabel `buku`
--

CREATE TABLE `buku` (
  `isbn` varchar(20) NOT NULL,
  `judul_buku` varchar(255) NOT NULL,
  `penulis` text NOT NULL,
  `tahun` year(4) NOT NULL,
  `stok` int(11) NOT NULL,
  `id_rak` int(11) NOT NULL
) ENGINE=InnoDB DEFAULT CHARSET=latin1;

--
-- Dumping data untuk tabel `buku`
--

INSERT INTO `buku` (`isbn`, `judul_buku`, `penulis`, `tahun`, `stok`, `id_rak`) VALUES
('-', 'SISTEM DIGITAL', 'FEBI YANTO', 2012, 3, 3),
('.', 'PANDUAN MATERI MONITORING BASIC KEISLAMAN', 'ABU ANWAR, DKK.', 2011, 3, 3),
('29829-8291829', 'JKSJK', 'SBJBWQ', 2013, 1, 3),
('602-18662-7-4', 'WANITA, POLITIK DAN HUKUM ISLAM', 'PROF. DR. H. M. NAZIR KARIM', 2012, 5, 3),
('602-18662-8-2', 'SYIAH PERSPEKTIF TAFSIR AL MISBAH', 'ILYAS HUSTI', 2012, 1, 3),
('602-18662-9-1', 'KONSEP SISTEM OPERASI', 'EKI SAPUTRA, M.Kom', 2012, 1, 3),
('602-18663-0-4', 'REAKTUALISASI FIQIH SYAFI\'IYAH', 'SUDIRMAN M.JOHAN', 2012, 1, 3),
('976-602-1096-01-7', 'RANCANGAN ULANG SCISSOR LIFT YANG ERGONOMIS', 'MERRY SISKA, MT', 2014, 15, 3),
('976-602-1096-83-3', 'SENJA MEREKAH DI PULAU INGU', 'PUTRI ZULIA JATI', 2015, 12, 4),
('976-602-1096-84-0', 'INTERPRETASI TEMATIK FILSAFAT', 'ADE JAMARUDDIN, SS, MA', 2015, 26, 4),
('976-602-1096-88-8', 'PENGARUH PERUBAHAN MASYARAKAT TERHADAP IJTIHAD AL-KHULAFA AL-RASYIDIN', 'JUNAIDI LUBIS', 2015, 5, 4),
('978-602-1096-04-8', 'MENGUASAI KOMPUTER ITU MUDAH', 'IRSYADI SIRADJUDDIN\r\nANWAR EFENDI HARAHAP', 2014, 22, 3),
('978-602-1096-05-5', 'IMAGE ENHANCEMENT PEMROSESAN CITRA DIGITAL : PENINGKATAN CITRA', 'SURYA AGUSTIANI, ST., M.KOM', 2014, 112, 3),
('978-602-1096-08-6', 'BRIKET BAHAN BAKU LIMBAH PELEPAH KELAPA SAWIT', 'PETIR PAPILO', 2014, 10, 3),
('978-602-1096-09-3', 'REPRODUKSI TERNAK KERBAU', 'YENDRA LIZA', 2014, 13, 3),
('978-602-1096-11-6', 'ANALISIS TINGKAT KESEHATAN PT. BANK SYARIAH MANDIRI DENGAN METODE CAMELS', 'YESSI NESNERI', 2014, 15, 4),
('978-602-1096-12-3', 'MEMAHAMI PERANAN MANAJEMEN KELAS', 'Drs. MUDASIR, M.Pd', 2014, 52, 3),
('978-602-1096-13-0', 'DASAR-DASAR PSIKOLOGI AGAMA', 'Drs. M. HANAFI, M. Ag', 2014, 21, 3),
('978-602-1096-14-7', 'ANTOLOGI BIMBINGAN DAN KONSELING I', 'FITRA HERLINDA', 2014, 17, 3),
('978-602-1096-15-4', 'IMPROVING STUDENT VOCABULARY MYSTERY THROUGH STORYTELLING AT GRADE FOUR IBNU RUSYD OF BINTANG CENDEKIA LEADERSHIP ELEMENTARY', 'NUR AISYAH ZULKIFLI, M.Pd', 2014, 31, 3),
('978-602-1096-15-7', 'PENGELOLAAN HUTAN MANGGROVE DAN PEMANFAATANNYA DALAM MENINGKATKAN EKONOMI MASYARAKAT PESISIR', 'Drs. ABU BAKAR, MPd\r\nPUJI PURNAMA, S. Kom\r\nRIKA RAHMAYUNI', 2014, 17, 3),
('978-602-1096-16-1', 'JEJAK SYI\'AH DALAM TAFSIR AL- MISBAH', 'ILYAS HUSTI\r\nKHAIRUNNAS JAMAL', 2014, 15, 3),
('978-602-1096-21-5', 'ISLAM DALAM ILMU-ILMU DALAM ISLAM', 'ALAIDDIN KOTO, dkk', 2014, 8, 3),
('978-602-1096-25-3', 'MODERNISASI PENDIDIKAN AGAMA \" ANALISIS TERHADAP SISTEM PENDIDIKAN AGAMA DI ASOSIASI IMAM HATIP SCHOOL ONDER DI TURKEY \"', 'KURNIA ILAHI, dkk.', 2014, 12, 3),
('978-602-1096-32-1', 'IMPLEMENTASI TEKNOLOGI INFORMASI DALAM PENINGKATAN MUTU LAYANAN PUBLIK', 'NOVI YANTI, ST, M.Kom', 2014, 1, 4),
('978-602-1096-34-5', 'BUKU PEDOMAN PEMBUKAAN DAN PENDIDIKAN PROGRAM STUDI (PRODI_ PDA UIN SUSKA RIAU', 'TIM LPPM', 2014, 1, 3),
('978-602-1096-35-2', 'BUKU PEDOMAN STANDAR MUTU LULUSAN', 'TIM LPPM', 2014, 1, 3),
('978-602-1096-61-1', 'FUSION AND COUPLING PARAMETERS OF MULTI DIRECTIONAL FIBER COUPLER', 'DR. DEDI IRAWAN, S.SI, M.SC', 2015, 47, 4),
('978-602-1096-62-8', 'LEARNING TRANSLATION (A COURSE BOOK ON TRANSLATION)', 'NUR AISYAH ZULKIFLI, M.Pd', 2015, 31, 4),
('978-602-1096-64-2', 'PEREKONOMIAN INDONESIA', 'AINUN MARDIAH, SE, MM', 2015, 30, 4),
('978-602-1096-65-9', 'STRATEGI PEMBELAJARAN KIMIA', 'MITERIANIFA, M.PD', 2015, 43, 4),
('978-602-1096-66-6', 'STUDI HADIS', 'Dr. ZARKASIH, M. Ag', 2015, 18, 4),
('978-602-1096-67-3', 'PERILAKU ORGANISASI', 'SEHANI, SE. MM', 2015, 16, 4),
('978-602-1096-75-8', 'METODE PENELITIAN PENDIDIKAN ISLAM PENGEMBANGAN ILMU BERPARADIGMA ISLAMI', 'AMRI DARWIS', 2015, 37, 4),
('978-602-1096-76-5', 'PELANGI DI API-API \"THE STORY OF COMMUNITY SERVICE LIFE\"', 'ULVA NOFRIZA', 2015, 17, 4),
('978-602-1096-79-6', 'EKONOMI MAKRO TERINTEGRASI', 'DR. MAHYARNI, SE, MM \r\nASTUTI MEFLINDA, SE, MM', 2015, 43, 4),
('978-602-1096-85-7', 'PEREKONOMIAN DAN MANAJEMEN DALAM PERSPEKTIF SOSIAL', 'ARAS AIRA, dkk', 2015, 52, 4),
('978-602-1096-86-4', 'ISLAM MULTIKULTURALISME DALAM LINGKUNGAN BERBUDAYA', 'DR. H. ABBAS ARFANI, Lc. M.H', 2015, 41, 4),
('978-602-1096-87-1', 'MEMBANGUN RISET BERBASIS INTEGRASI KEILMUAN', 'AFRIANTONI, dkk.', 2015, 92, 4),
('978-602-1096-88-8', 'PENGARUH PERUBAHAN MASYARAKAT TERHADAP IJTIHAD AL-KHULAFA AL-RASYIDIN', 'JUNAIDI LUBIS', 2015, 34, 4),
('978-602-1096-94-9', 'MAQASHID SYARI\'AH TEORI DAN KAIDAH-KAIDAH TERAPANNYA DALAM IJTIHAD', 'MUHAMMAD ABDI ALMAKTSUR\r\nAFRIZAL AHMAD', 2015, 34, 4),
('978-602-1096-95-6', 'NILAI-NILAI MULTIKULTURAL DALAM KURIKULUM PENDIDIKAN AGAMA ISLAM', 'DR. AKHYAR HAMZAH, M.Ag', 2015, 13, 4),
('978-602-1096-96-3', 'POLIGAMI DALAM HUKUM KELUARGA ISLAM DI INDONESIA DAN MALAYSIA', 'AZNI', 2015, 3, 4),
('978-602-1366-41-7', 'ANALISA KONVERGENSI MODIFIKASI VARIAN CHEBYSHEV HALLEY', 'WARTONO\r\nYUTIKA SILVIA', 2014, 19, 3),
('978-602-1366-42-4', 'ANALISIS RPN TERHADAP KENDALA INSTRUMENTASI KOMPRESOR UDARA MENGGUNAKAN METODE FMEA', 'LILIANA', 2014, 19, 3),
('978-602-1366-44-8', 'IDENTIFIKASI GANGGUAN KUALITAS DAYA MENGGUNAKAN S-TRANSFORM DAN RULE BASE EXPERT SYSTEM', 'Dr. ALEX WENDA, ST, M.Eng', 2014, 67, 3),
('978-602-1366-45-5', 'MENGUNGKAP MOTIVASI BERPRESTASI PADA MAHASISWA', 'AMIRAH DINIYATI, M.Pd. Kons', 2014, 31, 3),
('978-602-1366-46-2', 'HUBUNGAN ANTARA KETERAMPILAN DAN KREATIFITAS MENGAJAR GURU DENGAN PRESTASI BELAJAR SISWA MADRASAH TSANAWIYAH NEGERI PEKANBARU', 'FATIMAH DEPI SUSANTY HARAHAP, S.Pd.I, MA', 2014, 18, 3),
('978-602-1366-47-9', 'SIFAT SUBKELAS FUNGSI UNIVALEN', 'FITRI ARYANI', 2014, 216, 3),
('978-602-1366-48-6', 'PENGARUH PEMBELAJARAN KOOPERATIF MENGGUNAKAN MODUL UNTUK MENINGKATKAN PEMAHAMAN KONSEP MAHASISWA PGMI PADA MATA KULIAH EVALUASI PEMBELAJARAN MI/SD', 'MIMI HARIYANI, S.Pd., M.Pd', 2014, 33, 3),
('978-602-1366-49-3', 'DESAIN PEMBELAJARAN BERBASIS KARAKTER', 'Dra. Hj. MARDIA HAYATI, M.Ag', 2014, 12, 3),
('978-602-1366-50-9', 'REWARD, MOTIVASI, DAN KEPUASAN KERJA DI KALANGAN GURU SD', 'Drs. MARWAN GAFFAR, M.Pd', 2014, 12, 3),
('978-602-1366-51-6', 'PENGEMBANGAN PERANGKAT PEMBELAJARAN LAJU REAKSI KELAS XI IPA BERORIENTASI PEMBELAJRAN INKUIRI', 'MITERIANIFA, S.Pd, M.Pd', 2014, 38, 3),
('978-602-1366-52-3', 'ANTOLOGI PENELITIAN BIBINGAN DAN KONSELING', 'Dra. RISWANI, M.Ed', 2014, 24, 3),
('978-602-1366-53-0', 'HAKIKAT SAINS DALAM PRAKTIK PEMBELJARAN SAINS DI SEKOLAH DASAR', 'SUSILAWATI, S.Pd., M.Pd', 2014, 28, 3),
('978-602-1366-55-4', 'MODEL KNOWLEDGE MANAGEMENT DI PERGURUAN TINGGI', 'DR. OKFALISA, ST, MSC', 2014, 27, 4),
('978-602-1366-56-1', 'URGENITAS KURIKULUM TERINTEGRASI DAN IMPLIKASINYA TERHADAP PEMBENTUKAN KARAKTER', 'Dr. H. NASHARUDDIN, M.Ag', 2014, 29, 3),
('978-602-1366-56-2', 'SOSIOLOGI PENDIDIKAN', 'Dr.ZAITUN, M.Ag', 2014, 11, 3),
('978-602-1366-57-8', 'SISTEM PAKAR : BAYESIAN NETWORK DAN DIAGNOSA AWAL PENYAKIT TUMOR OTAK', 'ELIN HAERANI, ST, M.Kom\r\nLIA SEPTI LESTARI, ST', 2014, 119, 3),
('978-602-1366-58-5', 'ALQUR\'AN DAN LINGKUNGAN PERSEFSI AL-QUR\'AN TERHADAP LINGKUNGAN', 'PROF. DR. H. ILYAS HUSTI, MA\r\nDrs. ABU BAKAR, M.Pd', 2014, 8, 4),
('978-602-1366-59-2', 'RIAU HIAJU DALAM ERA DIGITAL', 'MUSTAKIM, ST', 2014, 104, 3),
('978-602-1366-60-8', 'PREDIKSI STOK OBAT DI APOTEK MENGGUNAKAN METODE NEURAL NETWORK', 'NOVI YANTI, ST, M.Kom', 2014, 29, 3),
('978-602-1366-61-5', 'MODEL STATISTIK KANAL RADIO HF UNTUK PERENCANAAN IMPLEMENTASI OFDM PADA BAND MARITIM', 'SUTOYO', 2014, 40, 3),
('978-602-1366-62-2', 'VERY SMALL APERTURE RADIAL LINE SLOT ARRAY BEAMSTEERING ANTENNA', 'TEDDY PURNAMIRZA', 2014, 102, 3),
('978-602-1366-63-9', 'ALAT BANTU BELAJAR GERAK MELINGKAR DALAM PEMBELAJARAN FISIKA', 'THERESIA LIDYA NOVA, S.Pd., M.Pd', 2014, 11, 3),
('978-602-1366-65-3', 'DEMOKRASI DAN KONSTITUSI DI INDONESIA', 'ARTIS, M.I.Kom', 2014, 10, 3),
('978-602-1366-66-0', 'PENDIDIKAN PEREMPUAN DI RIAU ERA KEMERDEKAAN', 'DR. WILAELA, M.Ag', 2014, 22, 3),
('978-602-1366-67-7', 'KNOWLEDGE MANAGEMENT DAN PRILAKU BERBAGAI PENGETAHUAN DOSEN', 'DR. MAHYARNI, SE., MM', 2014, 18, 3),
('978-602-1366-69-1', 'SEJARAH ISLAM ASIA TENGGARA', 'Dr. Hj. HELMIATI, M.Ag', 2014, 10, 4),
('978-602-1366-70-7', 'PENGARUH BUDAYA DAN IKLIM ORGANISASI, TERHADAP KOMITMEN DAN KINERJA DOSEN UNIVERSITAS ISLAM NEGERI SULTAN SYARIF KASIM RIAU (SURVEY TERHADAP KINERJA DOSEN)', 'IRIEN VIOLINDA ANGGRIANI', 2014, 32, 3),
('978-602-1366-71-4', 'NILAI FINASIAL MEREK SONY, COCA-COLA, KFC, PEPSI, APPLE, INTEL INSIDE', 'ISMU KUSUMANTO', 2014, 17, 3),
('978-602-1366-72-1', 'ANALISIS TIME SERIES PARTICULATE MATTER (PM10) DI LEMBAH KELANG (STASIUN PEMANTAU KUALA LUMPUR, SHAH ALAM, PETALING JAYA DAN KAJANG)', 'ARI PANI DESVINA, S. Si, M.Sc', 2014, 66, 3),
('978-602-1366-73-8', 'PROFIL USAHA MIKRO DAN KECIL KECAMATAN SINGINGI KABUPATEN KUANTAN SINGINGI PROVINSI RIAU', 'QOMARIAH LAHAMID, SE, M.Si', 2014, 79, 3),
('978-602-1366-73-9', 'PERANCANGAN MODEL MANAJEMEN INSIDEN DAN MASALAH BERDASARKAN INTEGRASI COBIT 4.1 DAN ITIL V3', 'MEGAWATI, S.KOM, MT', 2014, 132, 3),
('978-602-1366-74-5', 'PENGARUH TIM KERJA, STRES KERJA, DAN REWARD (IMBALAN)', 'SAHWITRI TRIANDANI', 2014, 67, 3),
('978-602-1366-75-2', 'HUBUNGAN KOMUNIKASI INTERPERSONAL DAN BUDAYA ORGANISASI DENGAN KEPUASAN KERJA', 'MASYHURI, S.Psi., M.Si', 2014, 195, 3),
('978-602-1366-76-9', 'PENGARUH ATRIBUT PRODUK TERHADAP KEPUASAN KONSUMEN MEMILIH LAYANAN TAKSI KOPSI DI KOTA PEKANBARU', 'VIRNA MUSELIZA, SE', 2014, 10, 3),
('978-602-1366-77-6', 'WANITA DALAM TRADISI SOSIAL BUDAYA MASYARAKAT SAKAI', 'Dra. SUKMA ERNI, M.Pd', 2014, 18, 3),
('978-602-1366-78-3', 'STUDI MASYARAKAT INDONESIA', 'Dra. NURASMAWI, M.Pd', 2014, 28, 3),
('978-602-1366-79-0', 'PERSEPSI MASYARAKAT MUSLIM TERHADAP LOGISTIK DAGING SAPI HALAL', 'MELFA YOLA, M. Eng', 2014, 9, 3),
('978-602-1366-80-6', 'ESTIMASI KANAL MONILE-TO MOBILE PADA SISTEM OFD', 'MULYONO\r\nGAMANTYO HENDRANTORO', 2014, 131, 3),
('978-602-1366-81-3', 'PENGARUH PENGGUNAAN MATERIAL HASIL DAUR ULANG TERHADAP KINERJA PEKERJAAN JALAN', 'SUHERMAN, MT', 2014, 74, 3),
('978-602-1366-82-0', 'TELAAH KURIKULUM PENDIDIKAN DINIYAH TAKMILIYAH AWALIYAH', 'GUSMA AFRIANI, S.Ag, M.Ag', 2014, 17, 3),
('978-602-1366-83-7', 'PENDIDIKAN MORAL MENELUSURI PEMIKIRAN MUHAMMAD AL-GHAZALI', 'ZUHAIRANSYAH ARIFIN, S.Ag, M.Ag', 2014, 9, 4),
('978-602-1366-84-4', 'JIHAD PERSPEKTIF TAFSIR AL-MISBAH', 'ADE JAMARUDDIN, SS, MA', 2014, 52, 3),
('978-602-1366-85-1', 'IMPROVING THE SECOND YEAR STUDENT\'S SPEAKING SKILL THROUGH SEMANTIC MAPPING AT THE ENGLISH EDUCATION DEPARTMENT', 'DEDY WAHYUDI, M.Pd', 2014, 52, 3),
('978-602-1366-87-5', 'PROFESIONALISME DALAM PENDIDIKAN ISLAM PERSPEKTIF FAZLUR RAHMAN', 'Dra. AFRIDA SUHAIMI, M.Ag', 2014, 30, 3),
('978-602-1366-88-2', 'PENDIDIKAN ISLAM DAN PENINGKATAN SUMBERDAYA PEREMPUAN', 'ENIWATI KHAIDIR', 2014, 17, 3),
('978-602-1366-93-6', 'PEMIKIRAN PENDIDIKAN ISLAM KAJIAN TERHADAP KONTRIBUSI PENDIDIKAN ABAD X-XX DALAM PENGEMBANGAN ILMU PENGETAHUAN', 'ZUHAIRANSYAH ARIFIN, M.Ag', 2014, 54, 3),
('978-602-18320-0-4', 'KEMENTRIAN AGAMA RI DALAM RANGKA 2014', '-', 2015, 1, 4),
('978-602-41-7', 'TARIKH AL-QHADA\'', 'DR.ZULKAYANDRI, M.Ag', 2011, 1, 3),
('978-602-6302-25-0', 'MY KKN MY ADVENTURE', 'RESTIANI', 2016, 17, 4),
('978-602-6302-27-4', 'MENTIMUN BUNGKUK', 'AZNIL FATAH', 2016, 16, 4),
('978-602-6302-28-1', 'PESAN GERIMIS PADA HUJAN', 'SITI AMINAH', 2016, 5, 4),
('978-602-6302-62-5', 'KEWARGANEGARAAN DIGITAL DI MADRASAH ALIYAH DI INDONESIA', 'PROF.RAIHANI, M.ED., PH.D, dkk.', 2018, 1, 4),
('978-602-6302-64-9', 'PENGUKURAN KINERJA MANAJEMEN RANTAI PASOK PADA SERTIFIKASI PRODUK HALAL MENGGUNAKAN SCOR MODEL (STUDI KASUS LPPOM MUI RIAU)', 'FITRA LESTARI, dkk.', 2018, 1, 4),
('978-602-6302-65-6', 'ANALISIS FAKTOR-FAKTOR YANG MEMPENGARUHI KEMAMPUAN SDM DALAM MENENTUKAN STRATEGI BERSAING PADA RUMAH MAKAN DI KOTA PKU', 'ENDRIANTO USTHA', 2018, 1, 4),
('978-602-6302-67-0', 'EKSPLORASI PRAKTIK HUKUM ISLAM WAKAF PRODUKTIF DAN AKUNTABILITAS LEMBAGA-LEMBAGA WAKAF DI INDONESIA', 'PROF. DR. ALAIDDIN, MA, dkk.', 2018, 1, 4),
('978-602-8437-83-1', 'AIR BERSIH UNTUK SABAK AUH', 'SOFIA HARDANI\r\nISMU KUSUMANTO\r\nNOVIRZA\r\nWILAELA', 2011, 1, 3),
('978-602-9039-08-5', 'BUNGA RAMPAI ILMU HUKUM DAN TATA HUKUM INDOESIA', 'MHD. KASTULANI, SH', 2011, 1, 3),
('978-602-9039-09-2', 'STUDI AL-QUR\'AN', 'AKBARIZAN ', 2011, 1, 3),
('978-602-9039-10-8', 'PERBANDINGAN MAZHAB DALAM MASALAH FIKIH', 'MUHAMMAD URWAHID, M. Ag', 2011, 3, 3),
('978-602-9039-22-1', 'TRANSAKSI NON MUSLIM DI BANK SYARIAH ', 'ZURAIDAH SYAHPAWI', 2011, 3, 3),
('978-602-9039-23-8', 'PELAKSANAAN PEMILU KEPALA DAERAH DI KAB/KOTA DI RIAU TAHUN 2010/2011 PERSPEKTIF HUKUM TATA NEGARA', 'MUHAMMAD DARWIS', 2011, 2, 3),
('978-602-9039-24-5', 'KEWENANGAN PENYIDIK PEGAWAI NEGERI SIPIL KEHUTANAN DALAM PROSES PENANGKAPAN DAN PENAHANAN ORANG YANG', 'LYSA ANGRAINI', 2011, 1, 3),
('978-602-9039-25-2', 'ANALISIS VARIABEL FUNDAMENTAL EKONOMI MAKRO TERHADAP HARGA SAHAM SYARI\'AH DI BUSA EFEK INDONESIA', 'NURHASANAH BUSTAM', 2011, 3, 3),
('978-602-9039-28-3', 'STUDI TERHADAP PERUMUSAN KOMPETENSI MUFASSIR AL-QUR\'AN', 'KHAIRUL AMRI', 2011, 2, 3),
('978-602-9039-29-0', 'BIMBINGAN PERKAWINAN DAN PELAKSANAAN DI KOTA PEKANBARU', 'YUSRAN SABILI', 2011, 4, 3),
('978-602-9039-31-3', 'DHAWABITH AL-MASHLAHAH MENURUT AL-BUTHI DAN URGENSINYADALAM PEMBAHARUAN HUKUM ISLAM ', 'ZULFAHMI BUSTAMI, M.Ag', 2011, 1, 3),
('978-602-9039-32-0', 'PROSESI AMALIAH SULUK SUATU KAJIAN PERSPEKTIF ALQUR\'AN & HADITS', 'SUHAYIB', 2011, 1, 3),
('978-602-9039-33-7', 'PANDANGAN MAHASISWA TERHADAP SISTEM PEMBINAAN AKADEMIK DAN RELIGIUS DI ASRAMA MA\'HAD AL-JAMI\'AH UIN SUSKA', 'HASWIR', 2011, 1, 3),
('978-602-9039-35-1', 'KEDUDUKAN KAEDAH USHULIYAH  SEBAGAI METODE PRAKTIS DALAM ISTINBAT HUKUM ISLAM', 'MARZUKI', 2011, 3, 3),
('978-602-9039-36-8', 'ILMU FIQIH (SUATU PENGANTAR)', 'MOHAMMAD ABDI ALMAKTSUR\r\nMARDIANA', 2011, 2, 3),
('978-602-9039-67-2', 'TEKNOLOGI HASIL TERNAK', 'ENIZA SALEH, dkk\r\n', 2012, 1, 3),
('978-602-9400-22-9', 'PSIKOLOGI AGAMA', 'Dr. SALMAINI YELI, M.Ag', 2012, 2, 3),
('978-979-1288-37-8', 'ORIENTASI NILAI SEBUAH KAJIAN PSIKOLOGI LINTAS BUDAYA', 'HARMAINI. S.Psi., M.Si.', 2011, 1, 3),
('978-979-2685-21-3', 'PEMBELAJARAN DENGAN PENERAPAN IDEOLOGI LIMA-I', 'HUSNI THAMRIN (ed.)', 2011, 5, 3),
('978-979-7607-79-2', 'KHAZANAH RIAU : SEJARAH MANUSIA DAN LINGKUNGANNYA', 'ABU BAKAR, dkk.', 2013, 28, 3),
('979-25-5380-0', 'PENGANTAR STUDI AL-QUR\'AN', 'Dr. MUNZIR HITAMI', 2012, 29, 3),
('979-26-8523-5', 'FENOMENA HUKUM ISLAM', 'HUSNI THAMRIN (ed.)', 2011, 3, 3),
('979-3757-06-X', 'PENGANTAR MANAJEMEN PROYEK PERANGKAT LUNAK ', 'NOVRIYANTO', 2011, 2, 3),
('979-3757-07-7', 'PENGANTAR TAFSIR MAUDHUI', 'Dr. H. HIDAYATULLAH ISMAIL, Lc., Ma', 2012, 1, 3),
('979-3757-08-5', 'BATCHING & SEQUENCING', 'TENGKU NURAINUN', 2012, 4, 3),
('979-3757-08-6', 'PROGRAM LINEAR', 'SRI BASRIATI, M.Sc', 2011, 1, 3),
('979-3757-09-4', 'PERAMALAN JUMLAH HOTSPOT KEBAKARAN HUTAN DENGAN MENGGUNAKAN METODE BOX-JENKINS DI PROV RIAU', 'ARI PANI DESVINA, M.Sc', 2012, 3, 3),
('979-3757-10-7', 'PERANCANGAN PRODUK YANG ERGONOMI', 'NOFIRZA', 2012, 1, 3),
('979-3757-11-5', 'PERANCANGAN DAN PENGEMBANGAN PRODUK TEORI DAN APLIKASI', 'MELFA YOLA, M.Eng', 2012, 2, 3),
('979-3757-12-4', 'GOAL PROGRAMMING (APLIKASI PADA IKAN BUATAN)', 'VERA DEVANI, dkk', 2012, 2, 3),
('979-3757-18-3', 'MODEL DAN PROBLEMATIKA PEMBERDAYAAN MASYARAKAT PINGGIRAN', 'HENDRI SAYUTI, dkk', 2012, 152, 3),
('979-3757-30-2', 'MODIFIKASI JARRAT', 'WARTONO YUSLENITA MUDA', 2011, 1, 3),
('979-3757-31-0', 'FUZZY LOGIC PEMILIHAN MODEL FUZZY MEMBERSHIP FUNCTION', 'LUH KESUMA WARDHANI', 2011, 2, 3),
('979-3757-32-9', 'ANALISIS TIME SERIES PENCEMARAN UDARA OLEH KARBON MONOKSIDA (CO0 DI PEKANBARU)', 'ARI PANI DESVINA, S.Si, M.Sc', 2011, 2, 3),
('979-9339-91-X', 'ILMU KESEJAHTERAAN SOSIAL (TEORI DAN APLIKASI PENGEMBANGAN MASYARAKAT ISLAM)', 'ROSMITA M.Ag\r\nASLATI M.Ag', 2011, 1, 3),
('979-9339-99-5', 'KOMUNIKASI DAKWAH', 'TONI HARTONO, M.Si, DKK.', 2011, 3, 3);

-- --------------------------------------------------------

--
-- Struktur dari tabel `cluster`
--

CREATE TABLE `cluster` (
  `id_cluster` int(11) NOT NULL,
  `nama_cluster` varchar(100) NOT NULL
) ENGINE=InnoDB DEFAULT CHARSET=latin1;

--
-- Dumping data untuk tabel `cluster`
--

INSERT INTO `cluster` (`id_cluster`, `nama_cluster`) VALUES
(1, 'Integrasi Keilmuan'),
(2, 'Interdisipliner'),
(3, 'Kapasitas Pembinaan'),
(4, 'Nasional'),
(5, 'Perguruan Tinggi'),
(6, 'Prodi'),
(7, 'Individu'),
(8, 'Unggulan'),
(9, 'Madya'),
(10, 'Pemula'),
(11, 'Mahasiswa'),
(12, 'Guru Besar'),
(13, 'Kelembagaan'),
(14, 'Strategis'),
(15, 'Gender dan Anak'),
(16, 'Lesson Study'),
(17, 'Kompetitif'),
(18, 'Penguatan Keilmuan'),
(19, 'International Research'),
(20, 'Karakter Universitas'),
(21, 'Peneliti Muda'),
(22, 'Isu Strategis'),
(23, 'WCU'),
(24, 'Kolektif'),
(25, 'Kelompok'),
(26, 'PPKM REGULER'),
(27, 'DESA BINAAN'),
(28, 'PENGABDIAN REGULER'),
(29, 'REGULER'),
(30, 'PENGABDIAN MASYARAKAT'),
(31, 'PENINGKATAN KAPASITAS/PEMBINAAN'),
(32, 'PELATIHAN/ PENDAMPINGAN'),
(33, 'PPKM GENDER'),
(34, 'PPKM TERINTEGRASI KKN'),
(35, 'UPPKM REGULER'),
(36, 'UNGGULAN NASIONAL'),
(37, '-');

-- --------------------------------------------------------

--
-- Struktur dari tabel `fakultas`
--

CREATE TABLE `fakultas` (
  `id_fakultas` int(11) NOT NULL,
  `nama_fakultas` varchar(100) NOT NULL
) ENGINE=InnoDB DEFAULT CHARSET=latin1;

--
-- Dumping data untuk tabel `fakultas`
--

INSERT INTO `fakultas` (`id_fakultas`, `nama_fakultas`) VALUES
(1, 'Tarbiyah dan Keguruan'),
(2, 'Ushuluddin'),
(3, 'Psikologi'),
(4, 'Ekonomi dan Ilmu Sosial'),
(5, 'Syariah dan Ilmu Hukum'),
(6, 'Dakwah dan Ilmu Komunikasi'),
(7, 'Sains dan Teknologi'),
(8, 'Pertanian dan Peternakan'),
(9, '-'),
(10, 'Pasca Sarjana');

-- --------------------------------------------------------

--
-- Struktur dari tabel `jenis_jurnal`
--

CREATE TABLE `jenis_jurnal` (
  `id` int(11) NOT NULL,
  `nama_jenis_jurnal` varchar(50) NOT NULL
) ENGINE=InnoDB DEFAULT CHARSET=latin1;

--
-- Dumping data untuk tabel `jenis_jurnal`
--

INSERT INTO `jenis_jurnal` (`id`, `nama_jenis_jurnal`) VALUES
(3, 'Internasional Bereputasi Q1'),
(4, 'Internasional Bereputasi Q2'),
(5, 'Internasional Bereputasi Q3'),
(6, 'Internasional Bereputasi Q4'),
(7, 'Internasional'),
(8, 'Nasional Terakreditasi Sinta 1'),
(9, 'Nasional Terakreditasi Sinta 2'),
(10, 'Nasional Terakreditasi Sinta 3'),
(11, 'Nasional Terakreditasi Sinta 4'),
(12, 'Nasional Terakreditasi Sinta 5'),
(13, 'Nasional Terakreditasi Sinta 6'),
(14, 'Nasional'),
(19, 'qwdqwdq');

-- --------------------------------------------------------

--
-- Struktur dari tabel `jurnal`
--

CREATE TABLE `jurnal` (
  `id` int(11) NOT NULL,
  `issn` varchar(20) NOT NULL,
  `penulis` text NOT NULL,
  `judul` varchar(255) NOT NULL,
  `tema` varchar(255) NOT NULL,
  `volume` varchar(6) NOT NULL,
  `nomor` varchar(6) NOT NULL,
  `tahun` year(4) NOT NULL,
  `stok` int(11) NOT NULL,
  `keterangan` text NOT NULL,
  `id_rak` int(11) NOT NULL
) ENGINE=InnoDB DEFAULT CHARSET=latin1;

--
-- Dumping data untuk tabel `jurnal`
--

INSERT INTO `jurnal` (`id`, `issn`, `penulis`, `judul`, `tema`, `volume`, `nomor`, `tahun`, `stok`, `keterangan`, `id_rak`) VALUES
(2, '1410-7406', '-', 'JURNAL AL-ADALAH', '-', '7', '3', 2004, 1, '-', 1),
(3, '1410-7406', '-', 'JURNAL AL-ADALAH', '-', '8', '3', 2005, 1, '-', 1),
(4, '1410-7406', '-', 'JURNAL AL-ADALAH', '-', '2', '1', 2004, 1, '-', 1),
(5, '1858-229X', '-', 'JURNAL AL-FATWA', 'AGAMA DAN PEMBANGUNAN', '1', '2', 2005, 2, '-', 1),
(6, '-', '-', 'JURNAL AL-IQTISHAD', '-', '1', '1', 2012, 3, '-', 1),
(7, '-', '-', 'JURNAL AL-IQTISHAD', '-', '1', '2', 2012, 3, '-', 1),
(8, '0216-2547', '-', 'JURNAL AL-IQTISHAD', '-', '7', '1', 2011, 1, '-', 1),
(9, '1411-2647', '-', 'JURNAL AL-HURRIYAH', '-', '11', '2', 2010, 1, '-', 1),
(10, '1411-2647', '-', 'JURNAL AL-HURRIYAH', '-', '12', '1', 2011, 1, '-', 1),
(11, '1411-2647', '-', 'JURNAL AL-HURRIYAH', '-', '12', '2', 2011, 1, '-', 1),
(12, '1411-2647', '-', 'JURNAL AL-HURRIYAH', '-', '13', '1', 2012, 1, '-', 1),
(13, '1411-2647', '-', 'JURNAL AL-HURRIYAH', '-', '13', '2', 2012, 1, '-', 1),
(14, '1411-2647', '-', 'JURNAL AL-HURRIYAH', '-', '14', '2', 2013, 1, '-', 1),
(15, '2086-4841', '-', 'JURNAL AL-MANAR', '-', '5', '1', 2014, 3, '-', 1),
(16, '2086-4841', '-', 'JURNAL AL-MANAR', '-', '5', '2', 2014, 8, '-', 1),
(17, '-', '-', 'JURNAL AL-FIKRA', '-', '1', '1', 2002, 1, '-', 1),
(18, '1693-508X', '-', 'JURNAL AL-FIKRA', '-', '4', '1', 2005, 1, '-', 1),
(19, '1907-7491', '-', 'JURNAL AL-FIKRA', 'KEBENARAN ILMIAH DALAM PERSPEKTIF ILMU', '4', '2', 2009, 1, '-', 1),
(20, '2085-8833', '-', 'JURNAL AL-FIKRA', '-', '13', '2', 2014, 1, '-', 1),
(21, '1410-0908', '-', 'JURNAL AKTUALITA ISLAMIKA', '-', '1', '1', 2007, 1, '-', 1),
(22, '1410-0908', '-', 'JURNAL AKTUALITA ISLAMIKA', '-', '1', '2', 2007, 1, '-', 1),
(23, '2087-0620', '-', 'JURNAL AGROTEKNOLOGI', '-', '1', '1', 2010, 2, '-', 1),
(24, '2087-0620', '-', 'JURNAL AGROTEKNOLOGI', '-', '2', '1', 2011, 1, '-', 1),
(25, '2087-0620', '-', 'JURNAL AGROTEKNOLOGI', '-', '1', '2', 2011, 2, '-', 1),
(26, '2087-0620', '-', 'JURNAL AGROTEKNOLOGI', '-', '2', '2', 2012, 1, '-', 1),
(27, '1829-6017', '-', 'JURNAL ANALISIS', '-', '8', '1', 2011, 1, '-', 1),
(28, '1829-6017', '-', 'JURNAL ANALISIS', '-', '8', '2', 2011, 1, '-', 1),
(29, '1829-6017', '-', 'JURNAL ANALISIS', '-', '9', '1', 2012, 1, '-', 1),
(30, '1829-6017', '-', 'JURNAL ANALISIS', '-', '9', '2', 2012, 1, '-', 1),
(31, '1829-6017', '-', 'JURNAL ANALISIS', '-', '10', '1', 2013, 1, '-', 1),
(32, '1829-6017', '-', 'JURNAL ANALISIS', '-', '10', '2', 2013, 1, '-', 1),
(33, '1829-6017', '-', 'JURNAL ANALISIS', '-', '11', '1', 2014, 1, '-', 1),
(34, '1829-6017', '-', 'JURNAL ANALISIS', '-', '11', '2', 2014, 1, '-', 1),
(35, '1412-1034', '-', 'JURNAL ANALISIS', 'PEREMPUAN, POLITIK, DAN ISLAM', '4', '2', 2004, 1, '-', 1),
(36, '1412-1034', '-', 'JURNAL ANALISIS', 'PROSPEK TEKNOLOGI INFORMASI TERHADAP POLA PEMBELAJARAN PENDIDIKAN AGAMA ISLAM', '5', '1', 2005, 1, '-', 1),
(37, '2086-0315', '-', 'JURNAL TOLERANSI', '-', '7', '1', 2015, 71, '-', 1),
(38, '2086-0315', '-', 'JURNAL TOLERANSI', '-', '7', '2', 2015, 35, '-', 1),
(39, '2086-0315', '-', 'JURNAL TOLERANSI', '-', '6', '1', 2014, 43, '-', 1),
(40, '2086-0315', '-', 'JURNAL TOLERANSI', '-', '6', '2', 2014, 1, '-', 1),
(41, '2086-0315', '-', 'JURNAL TOLERANSI', 'RUMAH IBADAT DAN TEOLOGI TRANSDENTAL', '4', '1', 2012, 53, '-', 1),
(42, '2086-0315', '-', 'JURNAL TOLERANSI', 'KEBANGKITAN ISLAM DAN INTERAKSI SOSIAL BUDAYA', '4', '2', 2012, 6, '-', 1),
(43, '2086-0315', '-', 'JURNAL TOLERANSI', 'TOLERANSI PERSEPEKTIF FIQIH DAN HUKUM POSITIF', '3', '1', 2011, 15, '-', 1),
(44, '2086-0315', '-', 'JURNAL TOLERANSI', 'KERUKUNAN DAN INTERKASI SOSIAL', '3', '2', 2011, 16, '-', 1),
(45, '2086-0315', '-', 'JURNAL TOLERANSI', 'PERATURAN PEMERINTAH DALAM MERAJUT PEMIKIRAN UMAT BERAGAMA', '2', '1', 2010, 24, '-', 1),
(46, '2086-0315', '-', 'JURNAL TOLERANSI', 'PLURALITAS AGAMA DAN PROBLEMATIKANYA', '2', '2', 2010, 24, '-', 1),
(47, '2086-0315', '-', 'JURNAL TOLERANSI', 'KERUKUNAN DALAM PERSEPEKTIF AGAMA & BHINEKA TUNGGAL IKA', '1', '1', 2009, 4, '-', 1),
(48, '2086-0315', '-', 'JURNAL TOLERANSI', 'MEMBINGKAI PEMIKIRAN ISLAM DALAM KONTEKS KERUKUNAN', '1', '2', 2009, 24, '-', 1),
(49, '1412-8564', '-', 'JURNAL FOKUS', '-', '2', '1', 2002, 1, '-', 1),
(50, '1412-8564', '-', 'JURNAL FOKUS', '-', '9', '2', 2009, 1, '-', 1),
(51, '1412-2669', '-', 'JURNAL DINAMIKA PENELITIAN', '-', '9', '2', 2009, 1, '-', 1),
(52, '1412-2669', '-', 'JURNAL DINAMIKA PENELITIAN', '-', '11', '2', 2011, 1, '-', 1),
(53, '7897-9897', 'HKHKHJH', 'GHGJHGJ', 'JHGJHGJH', '65', '8797U', 0000, 566, '-', 3);

-- --------------------------------------------------------

--
-- Struktur dari tabel `migration`
--

CREATE TABLE `migration` (
  `version` varchar(180) NOT NULL,
  `apply_time` int(11) DEFAULT NULL
) ENGINE=InnoDB DEFAULT CHARSET=latin1;

--
-- Dumping data untuk tabel `migration`
--

INSERT INTO `migration` (`version`, `apply_time`) VALUES
('m000000_000000_base', 1553148793),
('m130524_201442_init', 1553148795);

-- --------------------------------------------------------

--
-- Struktur dari tabel `outcome`
--

CREATE TABLE `outcome` (
  `id` varchar(20) NOT NULL,
  `jenis_outcome` enum('Buku','Jurnal','Prosiding Seminar') NOT NULL,
  `penulis` text NOT NULL,
  `judul` varchar(255) NOT NULL,
  `jenis_jurnal` int(11) DEFAULT NULL,
  `tema` varchar(255) DEFAULT NULL,
  `volume` varchar(6) NOT NULL,
  `nomor` varchar(6) NOT NULL,
  `tahun` year(4) NOT NULL,
  `file` text NOT NULL,
  `upload_by` varchar(20) NOT NULL
) ENGINE=InnoDB DEFAULT CHARSET=latin1;

--
-- Dumping data untuk tabel `outcome`
--

INSERT INTO `outcome` (`id`, `jenis_outcome`, `penulis`, `judul`, `jenis_jurnal`, `tema`, `volume`, `nomor`, `tahun`, `file`, `upload_by`) VALUES
('1332-0233', 'Jurnal', '-', 'Analisis', 4, 'Islam', '1', '1', 2012, '1332-0233.pdf', 'iqbal'),
('4430-2214', 'Buku', 'Rofy\r\nArif\r\nDimas', 'Rekaya Perangkat Lunak', NULL, '-', '-', '-', 2018, '4430-2214.pdf', 'rofy'),
('PS1609982834', 'Prosiding Seminar', 'Rofy', 'Seminar 1 juli', NULL, '-', '-', '-', 2019, 'PS1609982834.pdf', 'rofy'),
('PS1615000694', 'Prosiding Seminar', 'penulis 1', 'Judul', NULL, '-', '-', '-', 2012, 'PS1615000694.pdf', 'iqbal');

-- --------------------------------------------------------

--
-- Struktur dari tabel `pegawai`
--

CREATE TABLE `pegawai` (
  `id_pegawai` int(11) NOT NULL,
  `nama_lengkap` varchar(100) NOT NULL,
  `username` varchar(50) NOT NULL,
  `password` varchar(255) NOT NULL,
  `nip` varchar(20) NOT NULL,
  `notelp` varchar(15) NOT NULL,
  `status` varchar(50) NOT NULL
) ENGINE=InnoDB DEFAULT CHARSET=latin1;

-- --------------------------------------------------------

--
-- Struktur dari tabel `penelitian`
--

CREATE TABLE `penelitian` (
  `no_sk` varchar(30) NOT NULL,
  `penulis` text NOT NULL,
  `judul` varchar(255) NOT NULL,
  `id_cluster` int(11) NOT NULL,
  `id_fakultas` int(11) NOT NULL,
  `id_rak` int(11) NOT NULL,
  `tahun` year(4) NOT NULL,
  `pendanaan` double(11,2) NOT NULL,
  `sumber_dana` varchar(255) NOT NULL,
  `file` text
) ENGINE=InnoDB DEFAULT CHARSET=latin1;

--
-- Dumping data untuk tabel `penelitian`
--

INSERT INTO `penelitian` (`no_sk`, `penulis`, `judul`, `id_cluster`, `id_fakultas`, `id_rak`, `tahun`, `pendanaan`, `sumber_dana`, `file`) VALUES
('Un.04/L.I/PL.01/3492/2016', 'RIZKI PRIANDI', 'PELAKSANAAN LARANGAN TERHADAP ANAK DIBAWAH UMUR MENGENDARAI KENDARAAN BERMOTOR RODA DUA DI KECAMATAN TAMPAN MENURUT UNDANG-UNDANG NOMOR 22 TAHUN 2009', 11, 4, 4, 2016, 0.00, '-', ''),
('Un.04/L.I/PP.06/3396/2016', 'Teddie. D, ST., M.T.I', 'IT MASTER PLAN UNTUK PERGURUAN TINGGI ISLAM MENGGUNAKAN WARD AND PEPPARD FRAMEWORK (Studi Kasus: UIN SUSKA RIAU)', 10, 7, 4, 2016, 0.00, '-', ''),
('Un.04/L.I/PP.06/3399/2016', 'LIDYA SESILLIA, \r\nAPRILI WAHYU HAKIKI, \r\nSITI JUNIAWATI ROSA', 'Psychological Well-Being pada Penduduk Miskin di Kota Pekanbaru', 11, 4, 4, 2016, 0.00, 'DIPA LPPM UIN SUSKA RIAU', ''),
('Un.04/L.I/PP.06/3420/2016', 'Muhammad Irsyad, ST. MT\r\nSuwanto Sanjaya, S.T, M.Kom', 'Diagnosa Awal Penyakit Hewan Kurban Berbasis Android Menggunakan Metode Learning Vector Quantization 2', 9, 7, 4, 2016, 0.00, '-', ''),
('Un.04/L.I/PP.06/3520/2016', 'Jasril, S.Si, M.Sc\r\nElvia Budianita, ST, M. Cs', 'IMPLEMENTASI SEGMENTASI SPATIAL FUZZY C-MEANS DAN LVQ PADA SISTEM IDENTIFIKASI CITRA DAGING SAPI DAN BABI', 9, 7, 4, 2016, 0.00, '-', ''),
('Un.04/L.I/PP.06/3521/2016', 'Nesdi Evrilyan Rozanda, S.Kom, M.Sc\r\nInggih Permana, S.T, M.Kom\r\nFadhilah Syafria, S.T, M.Kom', 'OPTIMASI BOBOT VEKTOR PEWAKIL PADA LVQ MENGGUNAKAN ALGORITMA GENETIKA UNTUK DETEKSI DINI PENYAKIT DIABETES', 9, 7, 4, 2016, 0.00, '-', ''),
('Un.04/L.I/PP.06/3522/2016', 'Megawati, S.Kom, MT\r\nAnofrizen, M.Kom\r\nLinda Permata Sari', 'EVALUASI KEAMANAN INFORMASI MENGGUNAKAN INDEKS KAMI – ISO/IEC 27001/2009 (STUDI KASUS UIN SUSKA RIAU)', 9, 7, 4, 2016, 0.00, '-', ''),
('Un.04/L.I/PP.06/3561/2016', 'SARAH EKA PUTRI HIDAYAT DALIMUNTHE', 'Efektivitas Peran Audit Internal Terhadap Enterprise Risk Management (ERM) (Studi Empiris Pada PT. Bank Syariah Mandiri Kota Pekanbaru)', 11, 4, 4, 2016, 0.00, '-', ''),
('Un.04/L.I/TL.01/096/2018', 'Prof.Raihani, M.Ed., Ph.D.\r\nHarris Simaremare, M.T., Ph.D\r\nRicca Angreini Munthe, S.Psi., MA', 'Kewarganegaraan Digital di Madrasah Aliyah di Indonesia: Studi Tentang Kemampuan Siswa dan Pengembangan Kurikulum Digital Citizenship Sehat dan Toleran', 4, 1, 5, 2018, 0.00, '-', ''),
('Un.04/L.I/TL.01/114/2015', 'Dadang Firdaus, S.Pd.I, MA', 'PENGGUNAAN MEDIA PEMBELAJARAN BERBASIS ICT DAN PENGARUHNYA TERHADAP MINAT BELAJAR BAHASA ARAB SISWA SMK KOTA PEKANBARU', 7, 1, 4, 2015, 0.00, '-', ''),
('Un.04/L.I/TL.01/115/2015', 'Fatimah Depi Susanty Harahap, S.Pd.I, MA', 'Studi Aanalisis Validitas Butir Soal Bentuk Objektif Pada Mata Kuliah Bahasa Arab Di Pusat Pengembangan Bahasa UIN SUSKA RIAU Tahun Ajaran 2014-2015', 7, 1, 4, 2015, 0.00, '-', ''),
('Un.04/L.I/TL.01/1196/2018', 'Drs. H. Arbi, M. Si\r\nHerlina, S. Ag, MA\r\nSyarifuddin, S. Ag, MA\r\nDra. Lisdawati, M. Ag', 'INTEGRASI SOSIAL BUDAYA ETNIK TIONGHOA  DI KOMUNITAS DESA PANTAI  (Kajian Tentang Profil Komunitas Desa Pantai, Aspek Penguatan Potensi Integrasi, Keberhasilan Ekonomi dan Sumber Utama Pemicu Konflik Antar Etnik di Komunitas  Desa Pantai Meskom dan Tamer', 2, 1, 5, 2018, 0.00, '-', ''),
('Un.04/L.I/TL.01/126/2015', 'Aulia Rani Annisava, SP, M.Sc', 'PERTUMBUHAN DAN HASIL BEBERAPA VARIETAS TOMAT SECARA ORGANIK DI DATARAN RENDAH', 7, 8, 4, 2015, 0.00, 'LPPM UIN SUSKA TAHUN 2015', ''),
('Un.04/L.I/TL.01/133/2015', 'Fitra Herlinda, M.Ag', 'INTEGRASI NILAI-NILAI ISLAMI DALAM LAYANAN BIMBINGAN DAN KONSELING DI SEKOLAH MENENGAH ATAS ISLAM KOTA PEKANBARU', 7, 1, 4, 2015, 0.00, '-', ''),
('Un.04/L.I/TL.01/137/2015', 'Harum Natasya, S.Pd, M.Pd', 'Analisis Perbedaan Jalur Masuk Perguruan Tinggi dan Tamatan SMA/MA Terhadap Hasil Belajar Mahasiswa di Jurusan Bahasa Inggris Fakultas Tarbiyah Dan Keguruan UIN Suska Riau', 7, 1, 4, 2015, 0.00, '-', ''),
('Un.04/L.I/TL.01/162/2015', 'Dr. Amrul Muzan,S.HI, M.A', 'Peran Perbankan Syariah Dalam Distribusi Zakat  (Analisa Fungsi Sosial Perbankan Dalam UU No.21 Tahun 2008)', 7, 5, 4, 2015, 0.00, 'DIPA UIN SUSKA RIAU TAHUN 2015', ''),
('Un.04/L.I/TL.01/163/2015', 'Febri Handayani, S.HI, MH', 'PIDANA MATI DITINJAU DARI PERSPEKTIF TEORI HUKUM DAN KAITANNYA DENGAN HUKUM ISLAM (SUDI KASUS DI PENGADILAN NEGERI PEKANBARU)', 7, 5, 4, 2015, 0.00, '-', ''),
('Un.04/L.I/TL.01/164/2015', 'Aslati, S.Ag, M.Ag', 'Studi kasus terhadap alasan dan akibat perceraian di Pengadilan Agama Kota Pekanbaru', 7, 6, 4, 2015, 0.00, '-', ''),
('Un.04/L.I/TL.01/1962/2018', 'Dr. Bukhori, S.Pd. I, M. Pd.\r\nDedy Wahyudi, M. Pd', 'STUDENTS’ ATTITUDES TOWARD ENGLISH IN AN ESL CONTEXT: A Case Study of Indonesian Senior Secondary School Students in Malaysia', 6, 1, 5, 2018, 0.00, '-', ''),
('Un.04/L.I/TL.01/1964.1/2018', 'Dr. Hasbullah, M.Si\r\nDrs. M. Nazar Almasri, M. Ag\r\nDrs. Agussalim Nasution, M. Ag', 'PERILAKU EKONOMI PEREMPUAN PENGRAJIN SONGKET DI DESA BUKIT BATU KABUPATEN BENGKALIS', 7, 2, 5, 2018, 0.00, '-', ''),
('Un.04/L.I/TL.01/1964/2018', 'Dr. H. Muh. Said  HM, M.Ag, MM\r\nDr. H. Muhammad Tawwaf, S.IP, M.Si\r\nDra. Hj. Syafi\'ah, M.Ag', 'IMPLEMENTASI KONSEP AL-IJARAH PADA SISTEM SEWA MENYEWA RUMAH- RUMAH KOS DI KECAMATAN TAMPAN KOTA PEKANBARU PROVINSI RIAU', 2, 5, 5, 2018, 0.00, 'DIPA BLU UIN SUSKA RIAU', ''),
('Un.04/L.I/TL.01/1966.1/2018', 'Drs. Saifullah, M.Us\r\nAbdul Shomad Batubara, L.c, M.A', 'DIFERENSIASI DEBUS BANTEN DAN DEBUS PARIAMAN (Integrasi Tariqat dan Seni Bela Diri dalam Pariwisata Nasional )', 2, 2, 5, 2018, 0.00, 'DIPA UIN SUSKA RIAU', ''),
('Un.04/L.I/TL.01/1967.1/2018', 'Dr. Tohirin, M.Pd\r\nDr. Hj. Risnawati, M.Pd.\r\nSohiron, M.Pd.I', 'Indigenous Counseling dan Pembelajaran Matematika Multiculture pada Sekolah Menengah di Wilayah 3T (Tertinggal, Terdepan, dan Terluar)', 4, 1, 5, 2018, 0.00, '-', ''),
('Un.04/L.I/TL.01/1975/2018', 'Pangoloan Soleman Ritonga, S.Pd. M.Si\r\nHeppy Okmarisa, S.Pd.,M.Pd\r\nArif Yasthopi, S.Pd., M.Si\r\nNeti Afrianis, S.Pd., M.PKim', 'IDENTIFIKASI MISKONSEPSI MAHASISWA PADA KONSEP LARUTAN PENYANGGA DENGAN MENGGUNAKAN TES DIAGNOSTIK FOUR-TIER TEST MULTIPLE CHOICE', 6, 1, 5, 2018, 0.00, '-', ''),
('Un.04/L.I/TL.01/199/2015', 'Ikhwani Ratna, SE. M.Si, Ak\r\nHidayati Nasrah, SE, M. Acc, Ak\r\nWeni Novira Sari', 'Pengaruh Tingkat Pendapatan dan Tingkat Pendidikan terhadap Perilaku Konsumtif Wanita Karir di Lingkungan Pemerintah Provinsi Riau', 15, 4, 4, 2015, 0.00, '-', ''),
('Un.04/L.I/TL.01/200/2015', 'Dr. Jumni Nelli, M.Ag\r\nDra. Syafrida, M. Ag\r\nDra. Irda Misraini, MA.', 'EKSISTENSI PEREMPUAN PADA LEMBAGA POLITIK FORMAL DALAM MEWUJUDKAN KESETARAAN GENDER (Studi Terhadap Anggota Legislatif di Provinsi Riau)', 15, 5, 4, 2015, 0.00, '-', ''),
('Un.04/L.I/TL.01/2000/2018', 'Miftahuddin, M.Ag\r\nM.Fahli Zatrahdi, M.Pd', 'PERBEDAAN METODE KONVENSIONAL DENGAN TERAPI ZIKIR DALAM PENYEMBUHAN AUTIS (Studi Komparasi Sekolah Khusus Taruna Al-Qur’An Yogyakarta Dan Permata Hati Pekanbaru)', 2, 6, 5, 2018, 0.00, '-', ''),
('Un.04/L.I/TL.01/202/2015', 'Dra.Riswani. M.Ed\r\nDra. Asmiwati, MA\r\nMiftahul Fauzi', 'RELIGIUSITAS IMIGRAN MUSLIM DI PEKANBARU (ANALISIS POLA MENYIKAPI MASALAH PENGUNGSIAN ANTARA IMIGRAN LAKI-LAKI DAN PEREMPUAN)', 15, 1, 4, 2015, 0.00, '-', ''),
('Un.04/L.I/TL.01/2021/2017', 'Dra. Suhertina, M. Pd\r\nDarni, SP, MBA', 'KONTRIBUSI WANITA PEMULUNG MUSLIM DALAM MENDUKUNG PEREKONOMIAN KELUARGA (STUDI KASUS PADA PEMULUNG MUSLIM DI KOTA PEKANBARU)', 9, 1, 5, 2017, 0.00, '-', ''),
('Un.04/L.I/TL.01/2025/2017', 'Sri Wahyuni, M.A., M. Psi., Psikolog\r\nDede Fitriana Anatassia, S. Psi., M.A', 'RELASI ORANGTUA-REMAJA MENURUT PERSPEKTIF ISLAM DAN KAITANNYA DENGAN KESEJAHTERAAN PSIKOLOGIS (Studi Pengembangan dan Validasi Instrumen)', 9, 3, 5, 2017, 0.00, '-', ''),
('Un.04/L.I/TL.01/2026/2017', 'Dr. H. Muslim Afandi, M.Pd\r\nDrs. Marwan, M. Pd\r\nBayu Saputra', 'BIMBINGAN KONSELING SPIRITUAL (Kajian Interpretasi dalam Tunjuk Ajar Melayu Tenas Effendy', 9, 1, 5, 2017, 0.00, '-', ''),
('Un.04/L.I/TL.01/2027/2017', 'Dr. H. Hajar, M.Ag\r\nAde Paris, M.Ag\r\nDarmawan TIa Indrajaya, M.Ag', 'PENETAPAN AWAL RAMADAN, SYAWAL DAN ZULHIJJAH MENURUT HIZBUT TAHRIR DAN BADAN HISAB DAN RUKYAT', 8, 5, 5, 2017, 0.00, '-', ''),
('Un.04/L.I/TL.01/2028/2017', 'Harmaini, M. Si\r\nVivik Shofiah M. Si', 'Perilaku Lesbian Santri Pondok Pesantren di Kota Bukitinggi', 9, 3, 5, 2017, 0.00, '-', ''),
('Un.04/L.I/TL.01/2029/2018', 'Dr. Mahyarni, SE, MM\r\nAstuti Meflinda, SE, MM\r\nDra. Asmiwati, MA', 'INVESTIGASI PENGARUH GREEN MANAJEMEN STRATEGI DAN BENEFIT EKONOMI TERHADAP KINERJA UMKM SYARIAH  (FOKUS KAJIAN PADA DAERAH LOMBOK SEBAGAI DESTINASI WISATA HALAL)', 2, 4, 5, 2018, 0.00, '-', ''),
('Un.04/L.I/TL.01/203/2015', 'H. Zailani, M.Ag\r\nDrs. Kaizal Bay, M. Si\r\nDariyusman, S. Kom', 'REINTERPRETASI TERHADAP PEMAHAMAN HADIS-HADIS TENTANG GENDER DALAM PERSPEKTIF FIQH AL-HADITS', 15, 2, 4, 2015, 0.00, 'DIPA UIN SUSKA RIAU TAHUN 2015', ''),
('Un.04/L.I/TL.01/2033/2017', 'Dr. Mahmuzar, M.Hum\r\nCandra Jon Asmara, S.Sos, M.Si', 'KONFLIK PEREBUTAN PULAU BERHALA ANTARA PROVINSI JAMBI DAN KEPULAUAN RIAU', 9, 4, 5, 2017, 0.00, '-', ''),
('Un.04/L.I/TL.01/2034/2017', 'Dr. H. Muh. Said HM, M.Ag, MM\r\nDra. Hj. Syafi\'ah, M.Ag', 'SISTEM SEWA MENYEWA RUMAH-RUMAH COST DALAM PERSPEKTIF HUKUM EKONOMI SYARIAH (Studi Empiris di Kelurahan Simpang Baru Kecamatan Tampan Kota Pekanbaru)', 9, 5, 5, 2017, 0.00, '-', ''),
('Un.04/L.I/TL.01/2035/2017', 'Nurcahaya, S.Ag, M.Pd.I\r\nAfdol Rinaldi\r\nYuni Harlina M.Sy\r\nMadona Khairunnisa ME., Sy', 'PUNISHMENT PELAKU POLIGAMI: PERBANDINGAN ANTARA MALAYSIA DAN INDONESIA', 9, 1, 5, 2017, 0.00, 'DIPA UIN SUSKA RIAU TAHUN 2017', ''),
('Un.04/L.I/TL.01/2036/2017', 'Zuraidah, S.Ag, M.Ag\r\nDra. Hj. Irdamisraini, MA\r\nDra. Nurlaili, M. Si', 'PENGELOLAAN DAN PENDAYAGUNAAN ZAKAT DALAM MENGEMBANGKAN EKONOMI MASYARAKAT DI KABUPATEN SIAK.', 9, 5, 5, 2017, 0.00, '-', ''),
('Un.04/L.I/TL.01/2037/2017', 'Henni Indrayani, SE., MM\r\nHarkaneri, SE, MSA, Ak', 'ANALISIS PENGELOLAAN DANA ZAKAT DALAM PEMBERDAYAAN PEREKONOMIAN UMAT PADA BADAN AMIL ZAKAT NASIONAL (BAZNAS) KOTA PEKANBARU', 9, 4, 5, 2017, 0.00, '-', ''),
('Un.04/L.I/TL.01/2038/2017', 'Dr. Jumni Nelli, M.Ag\r\nDra. Hj. Nurhasanah, M. Ag', 'PERSEPSI MASYARAKAT MELAYU RIAU TERHADAP PERUBAHAN SIKAP ISTERI TENTANG CERAI GUGAT DI PROVINSI RIAU', 9, 5, 5, 2017, 0.00, '-', ''),
('Un.04/L.I/TL.01/2039/2017', 'Subhan, M. Ag\r\nErdawati Nurdin, M. Pd', 'KUALITAS SOAL UJIAN SEMESTER MATA PELAJARAN FIKIH KELAS V MADRASAH IBTIDAIYYAH SE-KECAMATAN TEMBILAHAN HULU KABUPATEN INDRAGIRI HILIR', 9, 1, 5, 2017, 0.00, '-', ''),
('Un.04/L.I/TL.01/2040/2017', 'Dr. Yasmaruddin Bardansyah, Lc, MA', 'MODEL PENGEMBANGAN LINGKUNGAN BERBAHASA ASING (BI’AH LUGHOWIYAH) SEBAGAI SARANA MENUJU WORLD CLASS UNIVERSITY DI UNIVERSITAS ISLAM NEGERI MAULANA MALIK IBRAHIM MALANG - JAWA TIMUR', 9, 1, 5, 2017, 0.00, '-', ''),
('Un.04/L.I/TL.01/2041/2017', 'Fatimah Depi Susanty Harahap, S.Pd.I, MA\r\nDjeprin E Hulawa, M. Ag', 'PENGEMBANGAN GAME EDUKASI BAHASA ARAB SEBAGAI MEDIA PEMBELAJARAN BERBASIS MULTIMEDIA DI MADRASAH IBTIDAIYAH NEGERI I KOTA PEKANBARU RIAU', 9, 1, 5, 2017, 0.00, '-', ''),
('Un.04/L.I/TL.01/2042/2017', 'Ricca Angreini Munthe, S. Psi., M.A\r\nIndah Puji Ratnani, S. Psi., M.A', 'STUDI EKSPLORASI KEBERFUNGSIAN FULL DAY SCHOOL BAGI ORANGTUA DAN ANAK PADA SDIT MUHAMMADIYAH 019 BANGKINANG, KAMPAR', 9, 3, 5, 2017, 0.00, '-', ''),
('Un.04/L.I/TL.01/2043/2017', 'Lestari Handayani, ST, M.Kom\r\nYusra, M.T', 'Pengembangan Sistem Pengenalan Suara untuk Pengecekan Bacaan Al Quran menggunakan Metode Mel-Frequency Cepstrum Coefficient (MFCC)', 9, 7, 5, 2017, 0.00, '-', ''),
('Un.04/L.I/TL.01/2045/2017', 'Dr. Rado Yendra, M. Sc\r\nRahmadeni, M. Si', 'Pemetaan Sifat Sel Hujan (Intensitas dan Durasi) dengan Menggunakan Metode Neyman-Scott Rectangular Pulse (NSRP)', 9, 7, 5, 2017, 0.00, '-', ''),
('Un.04/L.I/TL.01/2046/2017', 'Benny Sukma Negara, ST,.MT\r\nDrs. Muh. Natsir Nur, M.Ag\r\nAbas Wismoyo Hernawan, M.Sos', 'Analisis Dan Pengujian Tingkat Penerimaan Pengguna User Acceptance Test (UAT) Pada Aplikasi Iraise Di Universitas Islam Negeri Sultan Syarif Kasim Riau', 9, 7, 5, 2017, 0.00, '-', ''),
('Un.04/L.I/TL.01/2047/2017', 'Dr. Teddy Purnamirza, ST, M. Eng\r\nDeprowana Rahmi, S. Pd, M. Sc', 'Perancangan Antena RLSA Multibeam (Pancaran Ganda) Memanfaatkan Background Antena', 9, 7, 5, 2017, 0.00, '-', ''),
('Un.04/L.I/TL.01/2048/2017', 'Ari Pani Desvina, M.Sc\r\nFitra Kurnia, M.Kom', 'Analisa Penilaian Kinerja Pegawai UIN Suska Riau Menggunakan Metode Chernoff Face', 9, 7, 5, 2017, 0.00, '-', ''),
('Un.04/L.I/TL.01/2049/2017', 'Novi Yanti, S.T, M.Kom\r\nFitri Insani, S.T, M.Kom', 'Analisa Perbandingan Hasil Penilaian Metode Certainty Factor dan Dempster Shafer dalam Sistem Pakar untuk Mendeteksi Gangguan Penyakit Tropis', 9, 7, 5, 2017, 0.00, '-', ''),
('Un.04/L.I/TL.01/2050/2017', 'Sutoyo, MT\r\nDr. Dedi Irawan, M.Sc', 'PENGARUH REDAMAN HUJAN DAN KANDUNGAN MUATAN PARTIKEL HUJAN DI UDARA TERHADAP KOMUNIKASI SATELIT', 9, 7, 5, 2017, 0.00, '-', ''),
('Un.04/L.I/TL.01/2051/2017', 'Dr. Alex Wenda, ST., M.Eng\r\nNanda Putri Miefthawati, B.Sc., M.Sc', 'Pengembangan Aplikasi Untuk Mengidentifikasi Penyakit Tanaman Padi Berdasarkan Tekstur Analisis Blobs Dan Color Segmentation Local Entropy-Otsu Menggunakan Rule Based Expert System.', 9, 7, 5, 2017, 0.00, '-', ''),
('Un.04/L.I/TL.01/2052/2017', 'Angraini, S.Kom, M.Eng\r\nMegawati, S.Kom, M.T', 'PENGARUH BUDAYA “BRING YOUR OWN DEVICE (BYOD) “ TERHADAP KEAMANAN INFORMASI BERDASARKAN HUMAN ASPECT OF INFORMATION SECURITY QUESIONNARE (HAIS-Q) (CASE STUDY : UIN SUSKA RIAU)', 9, 7, 5, 2017, 0.00, '-', ''),
('Un.04/L.I/TL.01/2052/2018', 'Dr. Hidayati, S.Pt, MP', 'Eksplorasi Phylogenetic dan Strategi Pengembangan Itik Sawang Sebagai Plasma Nutfah Provinsi Kepulauan Riau', 6, 8, 5, 2018, 0.00, '-', ''),
('Un.04/L.I/TL.01/2053/2017', 'VIRNA MUSELIZA, SE, M.Si\r\nYessi Nesneri, SE, MM', 'Analisis Pelaksanaan Kepmenkes Nomor 519 Tahun 2008 tentang Pedoman Penyelenggaraan Pasar Sehat dan Keputusan Walikota Pekanbaru Nomor 213 tahun 2016 tentang Pengelolaan Pasar Rakyat Teratai Higienis Madani Kecamatan Senapelan di Kota Pekanbaru', 9, 4, 5, 2017, 0.00, '-', ''),
('Un.04/L.I/TL.01/2057/2017', 'Drs. Abdul Rachman, M.Si\r\nYefni, M.Si', 'ANALISIS MODEL PEMBERDAYAAN PADA PROGRAM RUMAH TANGGA MANDIRI PANGAN DAN ENERGI KUBANG JAYA KECAMATAN SIAK HULI KAB KAMPAR (RTPME)', 9, 6, 5, 2017, 0.00, '-', ''),
('Un.04/L.I/TL.01/2058/2017', 'Zulfahmi, S.Hut. M.Si\r\nRita Elfianis, SP, M. Sc', 'SKRINING GENOTIPE CABE HASIL MUTASI YANG BERDAYA HASIL TINGGI MENGGUNAKAN PENANDA MOLEKULER', 9, 8, 5, 2017, 0.00, '-', ''),
('Un.04/L.I/TL.01/2059/2017', 'Dr. Hidayati, S. Pt, M.P.\r\nDr. Tahrir Aulawi, S. Pt., M.Si.', 'ASOSIASI KERAGAMAN GEN MYOSTATIN DENGAN SIFAT- SIFAT PRODUKSI DAN KARKAS PADA ITIK LOKAL', 9, 8, 5, 2017, 0.00, '-', ''),
('Un.04/L.I/TL.01/2059/2018', 'Dr. Yendra Liza, S.Pt, MP\r\nAnwar Effendi Harahap, S.Pt, M.Si\r\nRestu Misrianti, S.Pt, M.Si', 'Kaji Banding Produktivitas Kerbau Kuntu Dengan Formula Sinkronisasi Guna Mendukung Swasembada Pangan Nasional', 4, 8, 5, 2018, 0.00, '-', ''),
('Un.04/L.I/TL.01/2060/2017', 'Wieda Nurwidada Haritsah Zain, S. Pt., M.Si\r\nDr. Irdha Mirdhayati, S. Pi., M.Si', 'PROFIL ASAM LEMAK, KOLESTEROL DAN JUMLAH BAKTERI ASAM LAKTAT YOGURT SUSU KAMBING YANG DIPERKAYA MINYAK ZAITUN SEBAGAI SUMBER PANGAN FUNGSIONAL', 9, 8, 5, 2017, 0.00, '-', ''),
('Un.04/L.I/TL.01/2060/2018', 'Zuraidah, M.Ag\r\nDra.Hj.Irdamisraini, MA\r\nDra.Nurlaili, M.Si', 'PERAN BADAN AMIL ZAKAT NASIONAL (BAZNAS) DALAM MENGENTASKAN KEMISKINAN DI KABUPATEN ROKAN HULU', 2, 5, 5, 2018, 0.00, '-', ''),
('Un.04/L.I/TL.01/2061/2017', 'Dr. Nurdin, MA\r\nDewi Sukartik, M.Sc', 'EFEKTIVITAS SOSIALISASI PENCEGAHAN KEBAKARAN HUTAN DAN LAHAN (KARHUTLA) PADA MASYARAKAT DI KECAMATAN BUNUT KABUPATEN PELALAWAN RIAU', 9, 6, 5, 2017, 0.00, '-', ''),
('Un.04/L.I/TL.01/2061/2018', 'Dr. Wahidin, M.Ag', 'OTONOMI DAERAH DAN PENINGKATAN KESEJAHTERAAN (STUDI MENGENAI PEMEKARAN DI KABUPATEN KAMPAR DAN KABUPATEN ROKAN HULU PROPINSI RIAU)', 2, 5, 5, 2018, 0.00, '-', ''),
('Un.04/L.I/TL.01/2062/2017', 'Zarnelly, S.Kom., M. Sc\r\nIdria Maita, S.Kom., M.Sc', 'RANCANG BANGUN APLIKASI ADMINISTRASI PERKANTORAN ELEKTRONIK (e-OFFICE) BERBASIS WEB DAN ANDROID (STUDI KASUS UIN SUSKA RIAU)', 9, 7, 5, 2017, 0.00, '-', ''),
('Un.04/L.I/TL.01/2063/2017', 'Fitri Amillia, ST, MT\r\nMulyono, ST, MT', 'ANALISIS KINERJA TRANSMISI CITRA MELALUI KANAL MOBILE TO MOBILE PADA SISTEM ORTHOGONAL FREQUENCY DIVISION MULTIPLEXING (OFDM)', 9, 7, 5, 2017, 0.00, '-', ''),
('Un.04/L.I/TL.01/2063/2018', 'Dr. H. Hajar, M.Ag\r\nDarmawan Tia Indrajaya, M.Ag\r\nAde Fariz Fakhrullah, M.Ag', 'Metode Penetapan Waktu Shalat Perspektif JAKIM Malaysia dan Badan Hisab & Rukyat Indonesia', 2, 5, 5, 2018, 0.00, '-', ''),
('Un.04/L.I/TL.01/2064/2017', 'Zulfatri Aini, ST., MT\r\nSri Basriati, S. Si., M.Sc', 'Upaya Pemerataan Pembebanan (Loadability) Sistem Transmisi 150 kV Sumbar-Riau dengan menggunakan Thyristor-switched Series Capasitor (TSSC).', 9, 7, 5, 2017, 0.00, '-', ''),
('Un.04/L.I/TL.01/2065/2017', 'Dian Mursyitah, ST., MT\r\nAhmad Faizal, ST., MT', 'Perancangan Pengendali PID-Gain Schedulling untuk Mengendalikan Posisi pada Sistem Magnetic Levitation Ball', 9, 7, 5, 2017, 0.00, '-', ''),
('Un.04/L.I/TL.01/2065/2018', 'Fitra Herlinda, M.Ag\r\nDra. Hj, Zalyana, M. Ag', 'IMPLEMENTASI CYBER COUNSELING DALAM CASE CONFERENCE UNTUK MENGATASI PERMASALAHAN BULLYING DI MADRASAH ALIYAH NEGERI KABUPATEN KAMPAR', 6, 1, 5, 2018, 0.00, '-', ''),
('Un.04/L.I/TL.01/2066/2017', 'Linda Aryani, S. Psi., M.Si\r\nAdfadia Mera, S. Psi,m M.A', 'PENGARUH SPIRITUAL WELL-BEING DAN ETIKA KERJA ISLAM TERHADAP ORGANIZATIONAL CITIZENSHIP BEHAVIOR PADA KARYAWAN MELAYU RIAU', 9, 3, 5, 2017, 0.00, '-', ''),
('Un.04/L.I/TL.01/2067/2017', 'Qomariah Lahamid, SE, M.Si\r\nNurlasera, SE, M.Si', 'Determinan Kompetensi Inti Terhadap Perkembangan UMKM Syariah Berbasis Ekonomi Kreatif di Kota Pekanbaru', 9, 4, 5, 2017, 0.00, '-', ''),
('Un.04/L.I/TL.01/2068/2017', 'Nur Hasanah, SE, MM\r\nDr. Jenita, SE, MM', 'ANALISIS PENGGUNAAN ALAT PEMBAYARAN NON TUNAI DALAM MEWUJUDKAN LESS CASH SOCIETY DI LINGKUNGAN DOSEN PTKI PROPINSI RIAU', 9, 5, 5, 2017, 0.00, '-', ''),
('Un.04/L.I/TL.01/2069/2017', 'Susnaningsih Mu`at, SE, MM\r\nKhairil Henry, SE, M. Si, Ak', 'Determinan \"Financial Wellness\" Dosen: Studi pada Perguruan Tinggi di Kota Pekanbaru', 9, 4, 5, 2017, 0.00, '-', ''),
('Un.04/L.I/TL.01/2070/2017', 'Syaifullah, SE, M.Sc\r\nAnofrizen M. Kom\r\nTengku Khairil Ahsyar, M. Kom', 'Manajemen Kebutuhan Ruang Parkir Kampus ( Studi kasus : Fakultas Sains dan Teknologi UIN Suska Riau)', 9, 7, 5, 2017, 0.00, '-', ''),
('Un.04/L.I/TL.01/2070/2018', 'Ade Jamaruddin, M.Ag\r\nKhairil Henry, SE, M.Si. Ak', 'Determinasi Isbat Ramadhan perspektif Al- Qur\'an', 2, 1, 5, 2018, 0.00, '-', ''),
('Un.04/L.I/TL.01/2071/2017', 'Ismu Kusumanto, ST,MT\r\nEkie Gilang Permata, ST., M. Sc', 'Analisa Tingkat Pengetahuan Keislaman Dosen Fakultas Sains Dan Teknologi Uin Suska Dalam Upaya Mewujudkan Integrasi Keislaman Menggunakan Metode Analytical Hierarchy Process (AHP)', 9, 5, 5, 2017, 0.00, '-', ''),
('Un.04/L.I/TL.01/2071/2018', 'Vivik Shofiah, Shofiah, S.Psi., M.Si\r\nYulita Kurniawat Asra., M.Psi\r\nSahwitri Triandani., M.Si', 'Pelatihan Gratitude (Bersyukur) Untuk Meningkatkan Makna Hidup Anak Didik Pemasyarakatan di LPKA Pekanbaru', 2, 3, 5, 2018, 0.00, '-', ''),
('Un.04/L.I/TL.01/2072/2017', 'Tengku Nurainun, ST, MT\r\nSiti Monalisa, ST., M.Kom\r\nMisra Hartati, ST., MT', 'Rancang Bangun Sistem Informasi Simpan Pinjam pada Koperasi Pegawai Negeri Republik Indonesia (KP-RI UIN SUSKA) Berbasis Konvensional dan Syariah', 9, 7, 5, 2017, 0.00, '-', ''),
('Un.04/L.I/TL.01/2072/2018', 'Dr. Dewi Febrina. S.Pt., MP\r\nDrh. Rahmi Febriyanti. M. Sc\r\nZumarni. S. Pt., MP', 'UJI AKTIVITAS ANTIMIKROBA EKSTRAK FERMENTASI PELEPAH KELAPA SAWIT', 4, 8, 5, 2018, 0.00, '-', ''),
('Un.04/L.I/TL.01/2073/2017', 'Rika Susanti, ST, M.Eng\r\nEwi Ismaredah, S.Kom., M.Kom', 'Perancangan Jaringan Gigabit Passive Optical Network di Kampus UIN Suska Riau', 9, 7, 5, 2017, 0.00, '-', ''),
('Un.04/L.I/TL.01/2074/2017', 'Novriyanto, ST, M.Sc\r\nFebi Nursalisah, M.Kom', 'PENGEMBANGAN KOMPETENSI PROFESIONAL DOSEN BERBASIS KNOWLEDGE MANAGENT SYSTEM (Studi Kasus : UIN SUSKA RIAU)', 9, 7, 5, 2017, 0.00, '-', ''),
('Un.04/L.I/TL.01/2075/2017', 'Darto, S.Pd.I, M.Pd\r\nZelly Putriani, M.Pd', 'Pengembangan Model Pembelajaran Matematika Problem Solving Berbasis Budaya Melayu Riau', 9, 1, 5, 2017, 0.00, '-', ''),
('Un.04/L.I/TL.01/2076/2017', 'Drs. H. Abu Anwar, M.Ag\r\nMelly Andriani, M.Pd', 'Pengembangan Model Pembelajaran Matematika Realistik Indonesia terintegrasi ilmu Keislaman', 9, 1, 5, 2017, 0.00, '-', ''),
('Un.04/L.I/TL.01/2077/2017', 'Suhandri, S.Si, M. Pd\r\nArnida Sari, S. Pd, M. Mat', 'PENGEMBANGAN LEMBAR KERJA SISWA MELALUI PENDEKATAN KONTEKSTUAL TERINTEGRASI NILAI-NILAI KEISLAMAN UNTUK MEMFASILITASI KEMAMPUAN PEMAHAMAN KONSEP MATEMATIKA DI PROPINSI RIAU', 9, 1, 5, 2017, 0.00, '-', ''),
('Un.04/L.I/TL.01/2078/2017', 'Drs. Mukhlis, M.Si\r\nLiliza Agustin, M.Psi.Psikolog\r\nYuliana Intan Lestari, M.A', 'KONSELING KELOMPOK TAZKIYATUN NAFSI : MODEL INTERVENSI PSIKOLOGIS DALAM PENINGKATAN SELF-ESTEEM SISWA KORBAN BULLYING', 9, 3, 5, 2017, 0.00, '-', ''),
('Un.04/L.I/TL.01/2078/2018', 'Rita Susanti, S.Psi, M.A\r\nYuliana Intan Lestari, S.Psi, M.A', 'KEPRIBADIAN REMAJA DALAM PERSPEKTIF ISLAM DAN KAITANNYA DENGAN RELIGIUSITAS DAN NILAI (STUDI PENGEMBANGAN DAN VALIDITAS INSTRUMEN PADA REMAJA MUSLIM RIAU)', 2, 3, 5, 2018, 0.00, '-', ''),
('Un.04/L.I/TL.01/2080/2017', 'Zona Octarya, M.Si\r\nDra. Fitri Refelita, M.Si', 'Aktivitas Antimikroba Senyawa Bioaktif Getah Jarak (Jatropha curcas L) serta Potensinya sebagai Anti diabetes', 9, 1, 5, 2017, 0.00, '-', ''),
('Un.04/L.I/TL.01/2080/2018', 'Ismu Kusumanto, ST,MT\r\nNofriza, ST., MSc', 'Analisis Keberadaan Pusat Perbelanjaan Modern Terhadap Toko Kelontong Masyarakat Di Kota Pekanbaru', 6, 7, 5, 2018, 0.00, '-', ''),
('Un.04/L.I/TL.01/2081/2017', 'Lazulva, S, Si, M.Si\r\nLisa Utami, S.Pd., M.Si\r\nElvi Yenti, S.Pd., M.Si', 'PEMANFAATAN LIMBAH KULIT PEPAYA (CARICA PAPAYA) SEBAGAI SUMBER ENERGI BARU TERBARUKAN UNTUK MENGHASILKAN ENERGI LISTRIK MENGGUNAKAN TEKNOLOGI MFC', 9, 1, 5, 2017, 0.00, '-', ''),
('Un.04/L.I/TL.01/2081/2018', 'H. Ekie Gilang Permata, ST, M.Sc', 'Analisis Prilaku Mahasiswa Sains Dan Teknologi Dalam Penggunaan Smartphone (Gadget) Untuk Meningkatkan Prestasi Akademik', 3, 7, 5, 2018, 0.00, '-', ''),
('Un.04/L.I/TL.01/2082/2018', 'Dr. H. AGUSTIAR, M.Ag', 'Stilistika Al-Qur\'an : Kajian Ayat-Ayat Dalam Bentuk Kalam Khobar Analisis Struktur Dan Makna', 7, 2, 5, 2018, 0.00, '-', ''),
('Un.04/L.I/TL.01/2083/2017', 'Indah Permanasari, S.P., M.P\r\nTiara Septirosya, S.P., M.Si', 'PENINGKATAN PRODUKTIVITAS TANAMAN CABAI (Capsicum annum L.) PADA SISTEM INDOOR HIDROPONIC DENGAN APLIKASI LAMPU LED', 9, 8, 5, 2017, 0.00, '-', ''),
('Un.04/L.I/TL.01/2084/2018', 'DR. MULIA SOSIADY, SE,MM,Ak', 'ANALISIS DAMPAK STRES AKADEMIK MAHASISWA DALAM PENYELESAIAN TUGAS AKHIR (SKRIPSI)', 7, 4, 5, 2018, 0.00, '-', ''),
('Un.04/L.I/TL.01/2086/2018', 'Henni Indrayani,', 'Analisis Pengaruh Kompetensi, Pengembangan Karir dan Budaya Organisasi terhadap Kinerja Dosen PTKIS Kota Pekanbaru', 6, 4, 5, 2018, 0.00, '-', ''),
('Un.04/L.I/TL.01/2087/2018', 'Dr. Kadar, M.Ag\r\nDr. Alwizar, M.Ag\r\nIrawati, M.Pd', 'KONSTRUKSI MODEL KURIKULUM INTEGRASI ILMU SOSIAL DAN ISLAM SERTA IMPLEMENTASINYA DALAM PEMBELAJARAN DI FAKULTAS TARBIYAH DAN KEGURUAN UIN SUSKA RIAU', 1, 1, 5, 2018, 0.00, '-', ''),
('Un.04/L.I/TL.01/2088/2018', 'Yuli Widiningsih, M.Psi, Psikolog\r\nIndah Puji Ratnami, S.Psi, M.A', 'Pelatihan Islamic Parenting sebagai Upaya untuk Mengurangi Tindak Kekerasan Orang Tua pada Anak', 6, 7, 5, 2018, 0.00, '-', ''),
('Un.04/L.I/TL.01/2089/2018', 'Ahyani Radhiani Fitri, S.Psi., M.A.,Psikolog\r\nDesma Husni, M.A., Psikolog', 'Community Based Participatory Action Research Untuk Meningkatkan Resiliensi Keluarga Pada Fase Rekonstruksi Pasca Banjir', 6, 3, 5, 2018, 0.00, '-', ''),
('Un.04/L.I/TL.01/2090/2017', 'Dr. Hj. Hertina, M.Pd\r\nDr. Hajar M, MH\r\nDr. H. Maghfirah, Ma', 'PERLINDUNGAN HUKUM TERHADAP HAK-HAK KONSUMEN DALAM PELAYANAN AIR BERSIH MENURUT UU NO.8 TAHUN 1999 TENTANG PERLINDUNGAN KONSUMEN (STUDI KOMPARATIF ANTARA KOTA DUMAI DAN KOTA BATAM)', 8, 5, 5, 2017, 0.00, '-', ''),
('Un.04/L.I/TL.01/2090/2018', 'Ikhwani Ratna, SE. M.Si., Ak, CA\r\nHidayati Nasrah, SE, M.Acc, Ak, CA', 'STUDI  DESKRIPTIF TENTANG TRACER STUDY UNTUK MENGANALISA PROFIL ALUMNI JURUSAN AKUNTANSI FAKULTAS EKONOMI DAN ILMU SOSIAL UIN SUSKA RIAU', 6, 4, 5, 2018, 0.00, '-', ''),
('Un.04/L.I/TL.01/2091/2017', 'Dr. Yasril Yazid, MIS\r\nMashuri, MA\r\nYurnalis, MA', 'PANDANGAN ISLAM TENTANG PENGGUNAAN NARKOTIKA DAN REHABILITASI BAGI PECANDUNYA MENURUT UNDANG-UNDANG NO 35 TAHUN 2009 TENTANG NARKOTIKA', 8, 6, 5, 2017, 0.00, '-', ''),
('Un.04/L.I/TL.01/2091/2018', 'Elvi Yanti, S.Pd., M.Si', 'PENGEMBANGAN MODEL GEOMETRI MOLEKUL UNTUK MENDUKUNG VISUALISASI ABSTRAKSI MAHASISWA CALON GURU KIMIA', 8, 1, 5, 2018, 0.00, '-', ''),
('Un.04/L.I/TL.01/2092/2017', 'Dr. Masduki, M.Ag\r\nDr. Toni Hartono, M.Si\r\nImron Rosidi, Ma., Ph.D', 'PENGUATAN PAHAM KEAGAMAAN MELALUI MEDIA DAKWAH DI KOTA BATAM KEPULAUAN RIAU', 8, 6, 5, 2017, 0.00, '-', ''),
('Un.04/L.I/TL.01/2092/2018', 'Drs. Mukhlis, M.Si\r\nLiliza Agustin, M.Psi., Psikolog\r\nNurhayati, M.Pd', 'Possitive Psychotherapy Husnu-Dzhan : Model Pengembangan Psikoterapi Islam Dalam Menurunkan Derajat Stress Pada Penderita hipertensi', 1, 3, 5, 2018, 0.00, '-', ''),
('Un.04/L.I/TL.01/2093/2018', 'RITA ELFIANIS, SP, M.Sc', 'ANALISIS KEKERABATAN GENETIK TANAMAN PADI (ORYZA SATIVA L.) DI KABUPATEN KAMPAR DENGAN MENGGUNAKAN PANANDA RAPD (RANDOM AMPLIFIED POLYMORPHIC DNA)', 7, 8, 5, 2018, 0.00, '-', ''),
('Un.04/L.I/TL.01/2094/2017', 'Drs. Saifullah, M.Us\r\nDrs. Saleh Nur, M.Ag\r\nDr. Dasman Yahya al Maali', 'DIFERENSIASI FESTIVAL TABUT DI BENGKULU DAN FESTIVAL TABUT DI PARIAMAN (Integrasi Jejak Syi’ah dalam Ajang Pariwisata Nasional)', 8, 2, 5, 2017, 0.00, '-', ''),
('Un.04/L.I/TL.01/2095/2018', 'Khotimah, M.Ag', 'INTERAKSI KOMUNITAS MUSLIM DAN KOMUNITAS TRI DHARMA DI KOTA PEKANBARU', 7, 2, 5, 2018, 0.00, '-', ''),
('Un.04/L.I/TL.01/2096/2018', 'Dr. Yuli Harti, M.Ag', 'STUDI DESKRIPTIF PENGEMBANGAN SOFT SKILL GURU PENDIDIKAN AGAMA ISLAM SEKOLAH MENENGAH PERTAMA KOTA PEKANBARU (STUDI KASUS DI SMPN 4 KOTA PEKANBARY)', 7, 1, 5, 2018, 0.00, '-', ''),
('Un.04/L.I/TL.01/2097/2018', 'Zulfahmi, S.Hut. M.Si', 'PERBANDINGAN KANDUNGAN DAN KONSENTRASI BAHAN AKTIF AKAR DAN DAUN PASAK BUMI', 6, 8, 5, 2018, 0.00, '-', ''),
('Un.04/L.I/TL.01/2098/2018', 'Yantos, M.Si\r\nPutriana, MM', 'KEARIFAN LOKAL MASYARAKAT MUSLIM DALAM MEMBANGUN HARMONISASI RELIGIOUS-KULTURAL ISLAM-HINDU DI DESA PEGAYAMAN BULELENG BALI', 2, 6, 5, 2018, 0.00, '-', ''),
('Un.04/L.I/TL.01/2099/2018', 'Alma Yulianti, S.Psi, M.Si', 'TIME PERSFECTIVE SEBAGAI PREDIKTOR PERILAKU MEROKOK DAN KONSUMSI ZAT PSIKOAKTIF (STUDI PADA REMAJA DI KOTA PEKANBARU DAN KOTA TANJUNGPINANG)', 6, 3, 5, 2018, 0.00, '-', ''),
('Un.04/L.I/TL.01/2100/2018', 'Dr. Drs. ALIMUDDIN Hassan, MAg', 'NALAR PENDIDIKAN DAMAI STUDI PEMIKIRAN ABDURRAHMAN WAHID', 7, 1, 5, 2018, 0.00, '-', ''),
('Un.04/L.I/TL.01/2101/2018', 'Prof. Dr. H. Munzir Hitami, MA\r\nDrs. H. Arwan, M. Ag', 'WACANA TAFSIR PLURALISME AGAMA DI NUSANTARA', 2, 1, 5, 2018, 0.00, 'DIPA UIN SUSKA RIAU TAHUN 2018', ''),
('Un.04/L.I/TL.01/2102/2018', 'Nurrahmi Hayani, SE., MBA', 'PENGARUH SERTIFIKASI HALAL DAN BAHAN MAKANAN TERHADAP KEPUTUSAN PEMBELIAN PRODUK MAKANAN OLEH IBU RUMAH TANGGA MUSLIM DI KELURAHAN AIR PUTIH KEC.TAMPAN PEKANBARU', 3, 4, 5, 2018, 0.00, '-', ''),
('Un.04/L.I/TL.01/2103/2018', 'Andri Novius, SE. M.Si, Ak', 'FAKTOR-FAKTOR YANG MEMPENGARUHI KETEPATAN WAKTU CORPORATE INTERNET REPORTING DALAM MENDUKUNG TRANSPARANSI KEUANGAN PADA PERUSAHAAN YANG TERDAFTAR DI BURSA EFEK INDONESIA', 6, 4, 5, 2018, 0.00, '-', ''),
('Un.04/L.I/TL.01/2104/2018', 'Prof. Dr. Ilyas Husti, M.Ag\r\nDr. Zailani, M.Ag\r\nDr. Khairunnas Jamal, M.Ag', 'Tren Penyimpangan Pengguna Narkoba dan Seksual dalam Perspektif Masyarakat Madani di Propinsi Riau', 2, 2, 5, 2018, 0.00, '-', ''),
('Un.04/L.I/TL.01/2105/2018', 'Noviarni, S.Pd.I, M.Pd', 'PENGEMBANGAN MODUL MATEMATIKA BERBASIS KONSTRUKTIVISME DENGAN BANTUAN ALAT PERAGA UNTUK MEMFASILITASI SISWA BELAJAR MATEMATIKA DI RIAU', 6, 1, 5, 2018, 0.00, '-', ''),
('Un.04/L.I/TL.01/2106/2018', 'Dra. Hj. Nurasmawi, M.Pd.\r\nRistiliana, S. Pd., M. Pd. E.\r\nWardani Purnama Sari, S. Pd., M. Pd. E.\r\nMuhammad Ihsan Hamdy, S.T., M.T.', 'PENGAMALAN KEHIDUPAN SOSIAL KEAGAMAAN MASYARAKAT MUSLIM DI RIAU', 2, 1, 5, 2018, 0.00, '-', ''),
('Un.04/L.I/TL.01/2107/2017', 'DEWI DINIATY, ST., M. Ec.Dev', 'Analisis Kualitas Pelayanan Terhadap Kepuasan Masyarakat di Kantor Camat Marpoyan Damai Dengan Pendekatan Servqual dan Importance Performance Matrix', 10, 7, 5, 2017, 0.00, '-', ''),
('Un.04/L.I/TL.01/2107/2018', 'Ratna Dewi, S.Sos. M.Si', 'Inovasi Pemerintah Dalam Pengelolaan Objek Wisata Bono Sebagai Upaya Meningkatkan Pendapatan Asli Daerah (PAD) Kabupaten Pelalawan', 6, 4, 5, 2018, 0.00, '-', ''),
('Un.04/L.I/TL.01/2108/2017', 'Harpito, ST., MT', 'Analisis Kapasitas Dan Karakteristik Fasilitas Parkir Fakultas Sains Dan Teknologi Uin Sultan Syarif Kasim Riau', 10, 7, 5, 2017, 0.00, '-', ''),
('Un.04/L.I/TL.01/2108/2018', 'Nurlasera, SE, M.Si\r\nDevi Megawati,SEI, MESy', 'STUDI PARTISIPASI PEREMPUAN SEBAGAI PENGELOLA DAN ANGGOTA KOPERASI  DALAM MENINGKATKAN KESEJAHTERAAN KELUARGA', 6, 4, 5, 2018, 0.00, '-', ''),
('Un.04/L.I/TL.01/2109/2017', 'Aulia Ullah, ST., M. Eng', 'Pengembangan Sistem Akuisi Data Jarak Jauh Multivariabel Secara Nirkabel dalam Pengambilan Data Primer', 10, 7, 5, 2017, 0.00, '-', ''),
('Un.04/L.I/TL.01/2109/2018', 'Linda Aryani, M.Si\r\nAdfadia Mera, M.A\r\nDr. Harmaini, M.Si', 'Studi Deskriptif Kematangan Pribadi Calon Pasangan Suami Isteri di Kota Pekanbaru', 2, 3, 5, 2018, 0.00, 'DIPA UIN SUSKA RIAU', ''),
('Un.04/L.I/TL.01/2110/2018', 'Nuraini Sahu, SH, MH', 'STRATEGI PENGEMBANGAN SOFT SKILL, HARD SKILL DAN LIFE SKILL PADA MAHASISWA ILMU HUKUM UIN SUSKA RIAU DALAM MENGHADAPI MASYARAKAT EKONOMI ASEAN  (MEA)', 6, 5, 5, 2018, 0.00, '-', ''),
('Un.04/L.I/TL.01/2111/2017', 'Oktaf Brillian Kharisma, ST, MT', 'PENERAPAN APLIKASI LAYANAN E-MAIL MURAH PADA EXTREME ENVIRONTMENT BERBASIS PROTOCOL DELAY TOLERANT NETWORK (DTN)', 10, 7, 5, 2017, 0.00, '-', ''),
('Un.04/L.I/TL.01/2111/2018', 'Dr. Rusdi, M.A.\r\nNandang Sarip Hidayat, S.Pd.I, M.A.', 'APLIKASI PEMBELAJARAN BAHASA ARAB  BERBASIS TEKNOLOGI BAGI GURU MADRASAH ALIYAH TEMBILAHAN INDRAGIRI HILIR RIAU', 2, 1, 5, 2018, 0.00, '-', ''),
('Un.04/L.I/TL.01/2112/2017', 'Teddie Darmizal, ST., M.T.I', 'PERANCANGAN DATA CENTER TEKNOLOGI INFORMASI UNTUK PERGURUAN TINGGI ISLAM MENGGUNAKAN FRAMEWORK TIA-942-A (Studi Kasus: UIN SUSKA RIAU)', 10, 7, 5, 2017, 0.00, '-', ''),
('Un.04/L.I/TL.01/2112/2018', 'Dr. Dony Martias, SE, MM\r\nFaiza Muklis, SE, M.Si, Ak', 'Analisis Perlakuan Akuntansi Aset Bersejarah (Heritage Assets): Studi Pada Aset Bersejarah Di Propinsi Riau', 6, 4, 5, 2018, 0.00, '-', ''),
('Un.04/L.I/TL.01/2113/2018', 'Merry Siska, ST, MT\r\nReski Mai Candra, ST, M.Sc\r\nEki Saputra, S.Kom, M.Kom', 'Modifikasi Stasiun Kerja Olahan Nanas di Riau dan Jawa Barat Menggunakan Workplace Ergonomic Risk Assessment (WERA)', 2, 7, 5, 2018, 0.00, '-', ''),
('Un.04/L.I/TL.01/2114/2017', 'Nurdiana, M. Pd', 'PENGGUNAAN CRAZY STORY GAME UNTUK MENINGKATKAN MOTIVASI MAHASISWA UNTUK BERBICARA DALAM BAHASA INGGRIS', 10, 1, 5, 2017, 0.00, '-', ''),
('Un.04/L.I/TL.01/2115/2018', 'Syaifullah, SE, M.Sc\r\nHasdi Radiles, MT\r\nM. Afdal, ST, M.Kom\r\nEka Pandu Cynthia, ST, M.Kom\r\nT. Khairil Ahsyar, M.Kom', 'Optimasi jaringan jalan kendaraan  dalam kawasan kampus II uin Suska Riau Dengan menggunakan metoda simulasi antrian', 2, 9, 5, 2018, 0.00, '-', ''),
('Un.04/L.I/TL.01/2116/2018', 'H. Mhd. Kastulani, SH, MH\r\nJoni Alizon, S.H., MH\r\nAhmad Adri Fifai, M. Ag', 'PERLINDUNGAN HUKUM BAGI PENCARI SUAKA ASING DI KAMP PENGUNGSI BANDA ACEH  MENURUT HUKUM INTERNASIONAL (KASUS PENGUNGSI ROHINGYA)', 2, 5, 5, 2018, 0.00, '-', ''),
('Un.04/L.I/TL.01/2117/2017', 'Agus Firdaus Chandra, Lc., M.A', 'Implementasi Visi Misi Uin Suska Riau Terkait Integrasi Keilmuan Dan Keislaman; Analisis Tugas Akhir Mahasiswa Fakultas Sains Dan Teknologi', 10, 7, 5, 2017, 0.00, '-', ''),
('Un.04/L.I/TL.01/2117/2018', 'Bambang Hermanto, MA', 'ANALISIS KOMPONEN KELAYAKAN PEMEKARAN PROPINSI RIAU PESISIR', 2, 5, 5, 2018, 0.00, '-', ''),
('Un.04/L.I/TL.01/2118/2018', 'Irsyadi Sirad Juddin, SP., Msi', 'ANALISIS KELAYAKAN USAHA DAN PENDAPATAN KEGIATAN KEWIRAUSAHAAN MAHASISWA', 7, 8, 5, 2018, 0.00, '-', ''),
('Un.04/L.I/TL.01/2119/2017', 'Ratna Dewi, S.Sos. M.Si\r\nAfrizal, S.Sos, M. Si', 'TRANSFORMASI KEBIJAKAN KOTA LAYAK ANAK (KLA) DI KOTA PEKANBARU', 9, 4, 5, 2017, 0.00, '-', ''),
('Un.04/L.I/TL.01/2120/2018', 'Dra. Silawati, M.Pd\r\nDr. Aslati, M. Ag\r\nRosmita, M. Ag', 'SINERGITAS POLRI BERSAMA MASYARAKAT DALAM RANGKA PENCEGAHAN KELOMPOK RADIKAL PRO KEKERASAN DAN INTOLERANSI DI WILAYAH HUKUM POLRES KARIMUN PROVINSI KEPULAUAN RIAU', 4, 6, 5, 2018, 0.00, '-', ''),
('Un.04/L.I/TL.01/2121/2017', 'Afriza, S.Ag, M.Pd\r\nDra. Afrida, M.Ag', 'PERAN IBU RUMAH TANGGA SEBAGAI PEKERJA LEPAS PADA \"PERUSAHAAN PENGOLAHAN KELAPA\" DALAM MEMBANTU KEBUTUHAN KELUARGA DI KABUPATEN INDRAGIRI HILIR', 9, 1, 5, 2017, 0.00, '-', ''),
('Un.04/L.I/TL.01/2121/2018', 'Fitra Lestari Norhiza, ST, M.Eng, Ph.D\r\nDewi Diniaty ST, M,Ec,Dev\r\nMawardi, S.Ag, M.Si\r\nSymsurizal, SE, MS.c AK', 'PENGUKURAN KINERJA RANTAI PASOK MENGGUNAKAN METODE SCOR MODEL DAN SOFTWARE PROCESS WIZARD (Studi Kasus Sertifikasi Produk Halal LPPOM MUI Riau)', 1, 7, 5, 2018, 0.00, '-', ''),
('Un.04/L.I/TL.01/2122/2017', 'Ainun Mardiah, SE, MM\r\nZulhaida, SE, MM', 'PENERAPAN KESETARAAN GENDER DALAM PENGEMBANGAN KARIR KARYAWAN MENGGUNAKAN ANALISIS GENDER MODEL SWOT (Studi Komparatif pada Bank Syariah dan Konvesional di Kota Pekanbaru)', 9, 4, 5, 2017, 0.00, '-', ''),
('Un.04/L.I/TL.01/2122/2018', 'Dr. Nurcahaya, S.Ag, M.Pd.I\r\nMadona Khairunnisa, SE. I., ME. Sy\r\nRoni Kurniawan,SH., MH', 'MODEL KONSEPTUAL IMPLEMENTASI PENDIDIKAN KARAKTER TASAWUF DALAM PROSES PEMBELAJARAN', 1, 1, 5, 2018, 0.00, '-', ''),
('Un.04/L.I/TL.01/2123/2017', 'Mohammad Soleh, S.Si, M.Sc\r\nWartono, M.Sc', 'Model Penyebaran Demam Berdarah di Pekanbaru yang Dipengaruhi Perubahan Iklim', 9, 7, 5, 2017, 0.00, '-', ''),
('Un.04/L.I/TL.01/2123/2018', 'Tengku Nurainun, ST, MT\r\nSiti Monalisa, ST, M.Kom\r\nMisra Hartati, ST, MT', 'RANCANGAN STRATEGI PEMASARAN BERDASARKAN SEGMENTASI MAHASISWA DENGAN METODE MARKETING MIX DAN K-MEANS (STUDI KASUS : UIN SUSKA RIAU)', 2, 7, 5, 2018, 0.00, '-', ''),
('Un.04/L.I/TL.01/2124/2017', 'Dr. Idris, M. Ed\r\nSaipuddin, Lc, M. Ag', 'Implementasi Internet dalam Pembelajaran oleh Guru Madrasah Aliyah Negeri di Kabupaten Kampar', 9, 1, 5, 2017, 0.00, '-', ''),
('Un.04/L.I/TL.01/2124/2018', 'Elfira Safitri, M. Mat', 'PEMODELAN STATISTIK DATA EKSTREM PENCEMARAN UDARA KOTA PEKANBARU', 3, 7, 5, 2018, 0.00, '-', ''),
('Un.04/L.I/TL.01/2125/2017', 'Ade Jamaruddin, M.Ag\r\nRahman, M.Ag', 'Metodologi Al-Qur\'an Braille Bagi Tunanetra Indonesia (Study aanalisis terhadap pembuatan metode belajar al-Qur\'an dengan mesin pencetak al-quran Braille tertua di dunia)', 9, 2, 5, 2017, 0.00, '-', ''),
('Un.04/L.I/TL.01/2126/2017', 'Drs. Jasno Susanto, M.Pd\r\nDra. Hj. Yusrida, M. Pd\r\nNuardi, S. Pd, M. Ed\r\nZulfirman Zani, M. Pd', 'EFEKTIVITAS PENGGUNAAN SOFTWARE KOMPUTER DALAM PEMBELAJARAN BAHASA INGGRIS MADARASAH ALIYAH YPUI DESA TERATAK KECAMATAN RUMBIO JAYA KABUPATEN KAMPAR', 9, 1, 5, 2017, 0.00, '-', ''),
('Un.04/L.I/TL.01/2126/2018', 'Dr. Rado Yendra, M.Sc\r\nAri Pani Desvina, M.Sc\r\nMuspika Hendri, M.A', 'PERBANDINGAN MODEL HUJAN BERDASARKAN DATA HUJAN TAHUN MASEHI DAN TAHUN HIJRIAH', 1, 7, 5, 2018, 0.00, '-', ''),
('Un.04/L.I/TL.01/2127/2018', 'Muammar Alkadafi, S.Sos,. M.Si\r\nRusdi, S.Sos, MA\r\nFitria Ramadhani Agusti NST, S.IP, M.Si', 'PELAKSANAAN HAK ASAL-USUL DAN ADAT ISTIADAT DALAM PENYELENGGARAAN PEMERINTAHAN KAMPUNG ADAT DI KABUPATEN SIAK PROVINSI RIAU', 2, 4, 5, 2018, 0.00, '-', ''),
('Un.04/L.I/TL.01/2128/2017', 'Yantos, M.Si\r\nAtjih Sukaesih, M.Si', 'Perubahan Perilaku Masyarakat Pulau Penyengat Dalam Mata Pencaharian (Studi Kasusu Nelayan Tradisional Kelurahan Pulau Penyengat Kepulauan Riau)', 9, 6, 5, 2017, 0.00, '-', ''),
('Un.04/L.I/TL.01/2129/2017', 'Hesty Wulandari, SE, M.Sc, Ak\r\nEni Noviarni, SE, M.Si, Ak, CA', 'Inovasi dan Kinerja Perusahaan serta Peran Sistem Informasi Akuntansi Manajemen Studi pada Perusahaan Pabrik Kelapa Sawit di Propinsi Riau', 9, 4, 5, 2017, 0.00, '-', ''),
('Un.04/L.I/TL.01/2129/2018', 'Anwardi', 'PERBAIKAN KONDISI KERJA PRODUKSI MINYAK KELAPA TRADISIONAL DENGAN PENDEKATAN ERGONOMI PARTISIPATORI', 3, 7, 5, 2018, 0.00, '-', ''),
('Un.04/L.I/TL.01/2131/2017', 'Drs. Syahril Romli, M. Ag\r\nRosmita, M. Ag', 'PENGARUH TRADISI ZIARAH MAKAM GUS DUR WALI KESEPULUH TERHADAP PENINGKATAN KESEJAHTERAAN EKONOMI PEDAGANG KECIL DI LINGKUNGAN PONDOK PESANTREN TEBUIRENG KABUPATEN JOMBANG', 9, 6, 5, 2017, 0.00, '-', ''),
('Un.04/L.I/TL.01/2131/2018', 'Harpito', 'Analisis Supply Chain Pada Industri Konstruksi Menggunakan Model SCOR (Studi Kasus Pengadaan Tiang Pancang Pada Proyek UIN SUSKA Riau)', 3, 7, 5, 2018, 0.00, '-', ''),
('Un.04/L.I/TL.01/2132/2016', 'Irdayanti, S.IP, MA\r\nWenny Desty Febrian, MM', 'DAMPAK KERJASAMA LUAR NEGERI PEMERINTAH KABUPATEN KAMPAR DENGAN MALAYSIA TECHNOLOGY DEVELOPMENT CORPORATION TERHADAP KEMAJUAN PEREKONOMIAN MASYARAKAT', 9, 4, 4, 2017, 0.00, '-', ''),
('Un.04/L.I/TL.01/2132/2018', 'Dr. Arsyadi Ali, S.Pt, M.Agr. Sc\r\nMuhammad Rodiallah, S. Pt., M.Si', 'PEMANFAATAN LIMBAH PENGGILINGAN AIR TEBU DAN INDIGOFERA ZOLLINGERIANA SEBAGAI PAKAN KAMBING BERBENTUK WAFER', 2, 8, 5, 2018, 0.00, '-', ''),
('Un.04/L.I/TL.01/2140/2017', 'Febri Handayani, S.HI, MH\r\nLysa Angrayni, S.H., M.H', 'Implementasi Perlindungan Hak Konstitusional Warga Negara oleh Mahkamah Konstitusi Menurut Sistem Ketatanegaraan Indonesia', 9, 5, 5, 2017, 0.00, '-', ''),
('Un.04/L.I/TL.01/2141/2017', 'Dr. H. Zailani, M. Ag\r\nDr. Zamsiswaya, M. Ag', 'Herbalife Perspektif Hadis Rasul (Kajian Terhadap Hadis Tentang Obat-obatan)', 9, 2, 5, 2017, 0.00, 'DIPA UIN SUSKA RIAU TAHUN 2017', ''),
('Un.04/L.I/TL.01/2142/2017', 'Artis, S.Ag, M.I.Kom\r\nFatmawati, S.Ag., M.Ed\r\nAbas Wismoyo Hernawan, M.Sos', 'Strategi Unit Pelaksana Teknis Dinas (UPTD) Pariwisata Kabupaten Pesisir Selatan dalam Pengembangan Objek Wisata Bukit Mandeh Sebagai Tujuan Wisata Kabupaten Pesisir Selatan', 9, 6, 5, 2017, 0.00, '-', ''),
('Un.04/L.I/TL.01/2143/2017', 'Dr. Abu Bakar, M.Pd\r\nAbd. Ghofur, M.Ag\r\nKhairiah, M.Ag', 'Problematika Pemberdayaan Komunitas Adat Terpencil (KAT) Suku Sakai di Kecamatan Mandau Kabupaten Bengkalis', 8, 2, 5, 2017, 0.00, '-', ''),
('Un.04/L.I/TL.01/2144/2017', 'Dr. H. Helmi Basri, Lc., MA\r\nDr. H. Hidayatullah Ismail, Lc, MA', 'TEORI MAALAATUL AF`AAL DALAM MAQASID SYARI`AH DAN APLIKASINYA PADA PERMASALAHAN FIQIH KONTEMPORER (Masalah perpolitikan, Transaksi keuangan dan Kemajuan Riset Teknologi)', 9, 5, 5, 2017, 0.00, '-', ''),
('Un.04/L.I/TL.01/2145/2017', 'Dr. Afrizal Nur, S.Th.I., MIS\r\nMustakim, S.T., M.Kom', 'PENERAPAN DATA MINING SEBAGAI PEMODELAN DALAM PENYIMPULAN MUATAN TAFSIR BIL MA\'TSUR DAN RA\'YI PADA TAFSIR TAHRIR WA TANWIR IBNU \'ASYUR (KAJIAN INTEGRASI)', 9, 2, 5, 2017, 0.00, '-', ''),
('Un.04/L.I/TL.01/2146/2017', 'Mardhiah Rubani, M.Si\r\nZulkarnaini, M.Ag', 'ANALISIS LITERASI MEDIA MAHASISWA UIN SUSKA RIAU TENTANG BERITA HOAX DI MEDIA SOSIAL', 9, 6, 5, 2017, 0.00, '-', ''),
('Un.04/L.I/TL.01/2148/2017', 'Dr. H. Nixson, Lc., M. Ag\r\nDrs. Achmad Ghozali Syafei, M.Si\r\nAbas Wismoyo Hernawan, M.Sos', 'Sistem Pembinaan Dan Pengembangan Kaligrafi Di Lembaga Kaligrafi Al-Quran Lemka Sukabumi Jawa Barat Dalam Peningkatan Prestasi Alumni Pondok Pesantren', 9, 2, 5, 2017, 0.00, '-', ''),
('Un.04/L.I/TL.01/2150/2017', 'Drs. Arwan, M.Ag\r\nAlaidin', 'Peran Lembaga Da’wah Ikmi (Idaroh Kemakmuran Mesjid Indonesia) Dalam Membangkitkan Ghirah Perjuangan Sebagai Pondasi Kepemimpinan Dai Di Kota Pekanbaru', 9, 6, 5, 2017, 0.00, '-', ''),
('Un.04/L.I/TL.01/2152/2017', 'Khotimah, M.Ag\r\nDr. Aprizal, M. Si', 'Eksistensi Agama Kunghuchu di Kecamatan Keritang Indragiri Hilir Pasca Keluarnya Kepres RI No.6 Tahun 2000', 9, 2, 5, 2017, 0.00, '-', ''),
('Un.04/L.I/TL.01/2153/2017', 'Dr. Hasbullah, M. Si\r\nDrs. M. Nazar Almasari, M. Ag', 'ISLAM DAN TRADISI MASYARAKAT KOMUNITAS ADAT TERPENCIL (Kajian Terhadap Suku Akit Di Desa Sonde Kabupaten Kepulauan Meranti)', 9, 2, 5, 2017, 0.00, '-', ''),
('Un.04/L.I/TL.01/2157/2018', 'Aulia Ullah, ST., M.Eng\r\nOktaf Briliian Kharisma, ST., MT', 'PENGEMBANGAN SISTEM AKUISI DATA JARAK JAUH SECARA NIRKABEL DALAM PENGAWASAN PEMAKAIAN ENERGI LISTRIK TERINTEGRASI WEB', 3, 7, 5, 2018, 0.00, '-', ''),
('Un.04/L.I/TL.01/2158/2017', 'Dr. Sofia Hardani, M. Ag\r\nDra. Asmiwati, MA', 'Penyelesaian Perkara Mafqud di Pengadilan Agama dalam Perspektif Keadilan Gender (Studi Empiris terhadap Proses Penyelesaian Perkara Mafqud di Pengadilan Agama di Riau)', 9, 5, 5, 2017, 0.00, '-', ''),
('Un.04/L.I/TL.01/2158/2018', 'Deni Fitra, S.Pt, M.P', 'EVALUASI KINERJA KEMITRAAN AYAM PEDAGING KOMERSIAL DENGAN PENDEKATAN IMPORTANCE PERFORMANCE ANALYSIS DI KABUPATEN KAMPAR', 7, 8, 5, 2018, 0.00, '-', ''),
('Un.04/L.I/TL.01/2159/2017', 'Ikhwani Ratna, SE. M.Si, Ak, CA\r\nHidayati Nasrah, SE, M. Acc, AK, CA', 'PENGARUH TINGKAT PEMAHAMAN AGAMA ISLAM TERHADAP PEMAKAIAN ALAT KONTRASEPSI PADA WANITA MUSLIMAH DI KECAMATAN MARPOYAN DAMAI KOTA PEKANBARU', 9, 4, 5, 2017, 0.00, '-', ''),
('Un.04/L.I/TL.01/2160/2018', 'Fitra Kurnia, S.Kom', 'Rancang Bangun pendeteksi gerak menggunakan metode background subtraction', 3, 7, 5, 2018, 0.00, '-', ''),
('Un.04/L.I/TL.01/2161/2017', 'Nelly Yusra, M.Ag\r\nMuhammad Fitriadi, M.Ag\r\nDr. RIan Vebrianto, M.Ed', 'PERBANDINGAN GENDER TERHADAP PROFESIONALISME PEGAWAI DI FTK UIN SUSKA RIAU', 9, 1, 5, 2017, 0.00, '-', ''),
('Un.04/L.I/TL.01/2161/2018', 'Reni Susanti, M.Psi, Psikolog\r\nIkhwanisifa, M.Psi, Psikolog', 'KEBAHAGIAAN MUSTAHIK DITINJAU DARI KEBERSYUKURAN DAN DUKUNGAN SOSIAL LEMBAGA AMIL ZAKAT', 6, 3, 5, 2018, 0.00, '-', ''),
('Un.04/L.I/TL.01/2162/2017', 'Mimi Hariyani, S.Pd., M.Pd\r\nSuherman, MT', 'PENINGKATAN KEMAMPUAN PENALARAN MATEMATIS MAHASISWA PENDIDIKAN GURU MADRASAH IBTIDAIYAH MELALUI CONCEPT ATTAINMENT MODEL', 9, 1, 5, 2017, 0.00, '-', ''),
('Un.04/L.I/TL.01/2162/2018', 'Lysa Angrayni, SH. MH\r\nDra. Hj. Yusliati, M.A', 'EFEKTIFITAS REHABILITASI PECANDU NARKOTIKA SERTA PENGARUHNYA TERHADAP TINGKAT KEJAHATAN DI INDONESIA( STUDI KASUS DI LOKA REHABILITASI BADAN NARKOTIKA NASIONAL  BATAM )', 2, 5, 5, 2018, 0.00, '-', ''),
('Un.04/L.I/TL.01/2163/2017', 'Sehani, SE, MM\r\nDarnilawati, SE, M. Si', 'ANALISIS PELUANG DAN HAMBATAN PERBANKAN SYARIAH TERHADAP NASABAH NON MUSLIM DI KOTA PEKANBARU', 9, 4, 5, 2017, 0.00, '-', ''),
('Un.04/L.I/TL.01/2163/2018', 'H. Darusman, S.Ag, M.Ag\r\nRafdeadi, S.Sos.I., M.A\r\nMustafa, M.I.Kom', 'PERUBAHAN SOSIAL PADA MASYARAKAT ADAT MELAYU RIAU (STUDI PADA MASYARAKAT ADAT SUKU MELAYU PETALANGAN DI KABUPATEN PELALAWAN)', 2, 6, 5, 2018, 0.00, '-', ''),
('Un.04/L.I/TL.01/2164/2017', 'Drs. Cipto Hadi, M.Pd\r\nYulia Novita, S.PdI., M.Par\r\nMhd. Subhan, S.Pd., M.Ed., CH., C.Ht', 'FAKTOR KEMATANGAN KARIR MAHASISWA MUSLIM DALAM PERENCANAAN KARIR ALTERNATIF (ENTERPRENEURSHIP)', 9, 3, 5, 2017, 0.00, '-', ''),
('Un.04/L.I/TL.01/2166/2017', 'Dra. Silawati, M.Pd\r\nDr. Aslati, M. Ag', 'PERAN STRATEGIS PERMATA SEBAGAI MEDIA TRANSFORMASI NILAI-NILAI ISLAM DALAM KELUARGA DI RW 17 KELURAHAN SIDOMULYO BARAT KECAMATAN TAMPAN', 9, 6, 5, 2017, 0.00, '-', ''),
('Un.04/L.I/TL.01/2167/2018', 'YESSI NESNERI, SE., MM\r\nUlfiah Novita, SE., M.Si', 'Strategi Unit Usaha Syariah Bank Umum Konvensional Dalam Menghadapi Spin Off 2023 (Studi Pada PT. BPD Riau dan Kepulauan Riau)', 6, 4, 5, 2018, 0.00, '-', ''),
('Un.04/L.I/TL.01/2168/2017', 'Dra. Hj. Alfiah, S.Ag., M.Ag\r\nNurjanis, S.Ag., M.Ag\r\nIsmail, M.Pd', 'BUDAYA MAHASISWA DALAM MENGGUNAKAN PIRATED BOOKS DAN PROBLEMATIKANYA DI PERGURUAN TINGGI KOTA PEKANBARU', 9, 1, 5, 2017, 0.00, '-', ''),
('Un.04/L.I/TL.01/2169/2017', 'Andri Novius, SE. M.Si, Ak\r\nFaiza Muklis, SE, M.Si, Ak', 'Analisis Implementasi Kepatuhan terhadap Prinsip-Prinsip Syariah (Shariah Compliance) pada BMT Al Ittihad Pekanbaru', 9, 4, 5, 2017, 0.00, '-', ''),
('Un.04/L.I/TL.01/2170/2017', 'Dr. Khairunnas Jamal, S.Ag, M.Ag\r\nH. Syafril Siregar, S.Th.I., MA', 'OPTIMALISASI FUNGSI OBJEK WISATA SEBAGAI SARANA MEMPERKENALKAN AGAMA ISLAM', 9, 2, 5, 2017, 0.00, '-', ''),
('Un.04/L.I/TL.01/2171/2017', 'Dr. Leny Nofianti. MS, SE, M.Si.Ak\r\nDr. Okfalisa, ST, M.Sc\r\nDr. Herlinda', 'PENGUKURAN INISIATIF GREEN FINANCING DI PERBANKAN SYARIAH MENGUNAKAN DESAIN SISTEM PENGAMBILAN KEPUTUSAN', 8, 9, 5, 2017, 0.00, '-', ''),
('Un.04/L.I/TL.01/2171/2018', 'Fitri Insani, ST, M.Kom\r\nRahmad Abdillah, M.T', 'RANCANGAN PROTOTYPE SISTEM PENGAMBILAN KEPUTUSAN DALAM MENGUKUR KESIAPAN PERGURUAN TINGGI ISLAM TERHADAP IMPLEMENTASI LEAN HIGHER EDUCATION INSTITUTION', 3, 7, 5, 2018, 0.00, '-', ''),
('Un.04/L.I/TL.01/2172/2017', 'Merry Siska, ST, MT\r\nEki Saputra, S.Kom, M.Kom\r\nReski Mai Candra, ST, M.Sc', 'Aplikasi Novel Ergonomic Assessment Postural Method (NERPA) pada Sentra Industri Kreatif Indonesia (Studi Kasus di UMKM Bandung)', 8, 7, 5, 2017, 0.00, '-', ''),
('Un.04/L.I/TL.01/2172/2018', 'Rizki Fiprinita, M.Pd\r\nRoswati, M.Pd\r\nIdham Syahputra, M.Ed', 'PENGEMBANGAN BAHAN AJAR  BAHASA INGGRIS CHARACTER-BASED INSTRUCTIONAL MATERIALS DENGAN MEDIA KARTU DI SMP NEGERI 4 PEKANBARU', 1, 1, 5, 2018, 0.00, '-', ''),
('Un.04/L.I/TL.01/2174/2017', 'Drs. H. M. Hatta, M.Ag\r\nMiterianifa, M.Pd\r\nRizki Fiprinita, M.Pd', 'Pengembangan Perangkat Pembelajaran Kimia Berbasis Karakter dengan Pendekatan Scaffolding', 8, 1, 5, 2017, 0.00, '-', ''),
('Un.04/L.I/TL.01/2175/2018', 'Dr. Idris, M.Ed\r\nMohd. Fauzan, M.Ag\r\nDrs. Muhammad Fitriyadi, MA', 'Penerapan Model Pembelajaran Berbasis Internet dan Pengaruhnya terhadap Motivasi Berprestasi dan Kreativitas Belajar Siswa Madrasah Aliyah Negeri di Provinsi Riau', 2, 1, 5, 2018, 0.00, '-', ''),
('Un.04/L.I/TL.01/2176/2017', 'Dr. Sri Murhayati, M.Ag\r\nLies Andriani, S.Pd., M.Mat\r\nNurrahmi Hayani, SE.,MBA', 'Penguatan Integrated Character Education dalam Transformasi Sistem Pendidikan Full Day School di Madrasah Ibtidaiyah Negeri Kota Pekanbaru', 8, 1, 5, 2017, 0.00, '-', ''),
('Un.04/L.I/TL.01/2176/2018', 'Dr. Nurdin, MA\r\nDewi SUkartik, M. Sc\r\nUsman, M. Ikom', 'TRANSFORMASI PESAN KONSERVASI SUMBER DAYA AIR DI KAWASAN SUAKA MARGASATWA BUKIT RIMBANG BALING KABUPATEN KAMPAR PROVINSI RIAU MELALUI KEARIFAN LOKAL BERBASIS NILAI-NILAI ISLAM', 1, 6, 5, 2018, 0.00, '-', ''),
('Un.04/L.I/TL.01/2177/2018', 'Prof. Dr. Zikri Darussmin, M.Ag\r\nRahman, M.Ag\r\nDrs. Syahril Romli, M.Ag', 'RELASI HUKUM ISLAM DENGAN ADAT PERKAWINAN ETNIK MELAYU DI KABUPATEN SIAK PROVINSI RIAU', 2, 2, 5, 2018, 0.00, '-', ''),
('Un.04/L.I/TL.01/2178/2018', 'Lusiawati, SE, MBA', 'MENGUKUR TINGKAT SHARIA FINANCIAL LITERACY MASYARAKAT TERHADAP INDUSTRI KEUANGAN NON BANK (IKNB) SYARIAH : KAJIAN PADA DOSEN PERGURUAN TINGGI KEAGAMAAN ISLAM DI PEKANBARU', 6, 4, 5, 2018, 0.00, '-', ''),
('Un.04/L.I/TL.01/2180/2018', 'Erdawati Nurdin, S.Pd, M.Pd', 'PENGEMBANGAN LEMBAGA KERJA BERBASIS PENDEKATAN PENEMUAN TERBIMBING UNTUK MEMFASILITASI KEMAMPUAN REPRESENTASI MATEMATIS MAHASISWA', 7, 1, 5, 2018, 0.00, '-', ''),
('Un.04/L.I/TL.01/2181/2018', 'CORRY CORAZON MARZUKI', 'NILAI TOTAL KETAKTERATURAN SISI DARI m-COPY GRAF LINTASAN', 3, 7, 5, 2018, 0.00, '-', ''),
('Un.04/L.I/TL.01/2182/2018', 'Mimi Hariyani, S.Pd., M.Pd\r\nSuherman, MT', 'PENINGKATAN KEMAMPUAN DISPOSISI MATEMATIS MAHASISWA PENDIDIKAN GURU MADRASAH IBTIDAIYAH MELALUI CONCEPT ATTAINMENT MODEL', 6, 1, 5, 2018, 0.00, '-', ''),
('Un.04/L.I/TL.01/2183/2018', 'Aras Aira, SE, M.Ak', 'Faktor-Faktor yang mempengaruhi kecendrungan kecurangan akuntansi (Fraud) dengan perilaku tidak etis sebagai variabel intervening Pada Organisasi Perangkat Daerah (OPD) Kabupaten Kampar.', 6, 4, 5, 2018, 0.00, '-', ''),
('Un.04/L.I/TL.01/2185/2018', 'Nur Alhidayatillah, M.Kom.I\r\nRohayati, M.I.Kom', 'ANALISIS FUNGSI KOMUNIKASI BENCANA DALAM MENGURANGI KEBAKARAN HUTAN DAN LAHAN (STUDI KASUS PADA BADAN PENANGGULANGAN BENCANA DAERAH PROVINSI RIAU)', 3, 6, 5, 2018, 0.00, '-', ''),
('Un.04/L.I/TL.01/2186/2018', 'Tika Mutia,S.I.Kom, M.I.Kom', 'Fenomenologi Komunikasi Generasi Z di Kota Pekanbaru', 3, 6, 5, 2018, 0.00, '-', ''),
('Un.04/L.I/TL.01/2187/2017', 'Dr. Sukma Erni, M.Pd\r\nNurhayati, M.Hum\r\nMeimunah S. Moenada, M.Ag', 'Keterampilan Interpersonal: Kajian Hubungan Pengetahuan tentang Agama dan Locus of Control dengan Keterampilan Interpersonal Mahasiswa di Riau', 8, 1, 5, 2017, 0.00, '-', ''),
('Un.04/L.I/TL.01/2188/2018', 'Dr. Elfiandri, M. Si\r\nFebri Rahmi, SE., M. Sc. Ak.', 'Literasi Media Dan Pengaruhnya Terhadap Resistensi Berita Hoax Serta  Perilaku Konsumtif Produk Halal Dan Sehat Pada Masyarakat Muslim Di Provinsi Riau', 6, 6, 5, 2018, 0.00, '-', ''),
('Un.04/L.I/TL.01/2189/2018', 'Fitri Aryani, M.Sc', 'TRACE MATRIKS 3 X 3 BERPANGKAT BILANGAN BULAT', 6, 7, 5, 2018, 0.00, '-', ''),
('Un.04/L.I/TL.01/2190/2018', 'Sri Wahyuni, M.A., M.Psi\r\nRaudatussalamah, M.A', '“RELASI ORANGTUA-ANAK PADA KELUARGA MELAYU” (Analisis Psikologi Indijinus)', 6, 3, 5, 2018, 21000000.00, '-', ''),
('Un.04/L.I/TL.01/2191/2017', 'Hj. Helmiati, M.Ag\r\nDr. Syukree Langputeh, MA\r\nDra. Hj. Syafrida, M.Ag\r\nDevi Fitriani, S.Pd. M.Mat', 'PENGEMBANGAN DAN IMPLEMENTASI PENDIDIKAN PERDAMAIAN (PEACE EDUCATION) DALAM RANGKA TRANSFORMASI KONFLIK DITHAILAND SELATAN', 8, 9, 5, 2017, 0.00, '-', ''),
('Un.04/L.I/TL.01/2191/2018', 'Lola Oktavia, S.S.T., M.T.I.', 'PENILAIAN PENERIMAAN E-GOVERNMENT DI INDONESIA', 7, 7, 5, 2018, 0.00, '-', ''),
('Un.04/L.I/TL.01/2192/2018', 'Chandra Jon Asmara, S.Sos, MSi', 'EDUKASI POLITIK DALAM PELAKSANAAN PEMILIHAN KEPALA DAERAH (PILKADA) LANGSUNG KABUPATEN KAMPAR 2017 (STUDI KOMPARATIF DI KECAMATAN XIII KOTO KAMPAR DAN KOTO KAMPAR HULU KABUPATEN KAMPAR)', 7, 4, 5, 2018, 0.00, '-', '');
INSERT INTO `penelitian` (`no_sk`, `penulis`, `judul`, `id_cluster`, `id_fakultas`, `id_rak`, `tahun`, `pendanaan`, `sumber_dana`, `file`) VALUES
('Un.04/L.I/TL.01/2195/2017', 'Dr. Yendra Liza, S.Pt, MP\r\nDr. Arsyandi Ali, S.Pt., M.Agr.Sc\r\nRestu Misrianti, S.Pt.,M.Si\r\nAnwar Efendi Harahap, S.Pt., M.Si', 'PERBANDINGAN KUALITAS SEMEN, PAKAN DAN GEN STAT5A TERNAK LOKAL PROVINSI RIAU DENGAN KOMODITI TERNAK ASIA TENGGARA', 8, 8, 5, 2017, 0.00, '-', ''),
('Un.04/L.I/TL.01/2195/2018', 'Dr. Sofia Hardani, M.Ag.\r\nNur Hasanah, SE., M.M.\r\nDrs. Arifuddin, MA', 'IMPLEMENTASI KOMPILASI HUKUM EKONOMI SYARIAH (KHES) DALAM MENYELESAIKAN SENGKETA EKONOMI SYARIAH DI PENGADILAN AGAMA DI PROVINSI RIAU', 2, 5, 5, 2018, 0.00, '-', ''),
('Un.04/L.I/TL.01/2196/2018', 'Intan Kemala, S.Sos., M.Si', 'KOMPETENSI KOMUNIKASI ANTAR BUDAYA MAHASISWA INTERNASIONAL UIN SUSKA RIAU', 7, 6, 5, 2018, 0.00, '-', ''),
('Un.04/L.I/TL.01/2197/2018', 'Dr. H. Mawardi Muhammad Saleh, Lc, MA\r\nH. Fikri Mahmud, Lc., MA\r\nDr. Zulfahmi M.Ag', 'PENANGKALAN RADIKALISME AGAMA DALAM PERSPEKTIF MAQASHID SYARI’AH (Studi di Markaz al-Maqashid li al-Dirasat waal-Buhuts Maroko)', 1, 5, 5, 2018, 0.00, '-', ''),
('Un.04/L.I/TL.01/2198/2017', 'Dr. H. Aprijon Efendi, Lc, MA\r\nMohd. Fauzan, S.Ag, M.Ag\r\nNandang Syarif Hidayat, MA', 'PANDANGAN MASYARAKAT TERHADAP PELAKSANAAN KHUTBAH JUM`AT BERBAHASA ARAB DI PEKANBARU DAN SEKITARNYA', 8, 1, 5, 2017, 0.00, '-', ''),
('Un.04/L.I/TL.01/2199/2018', 'Umar Abdurrahim SM.,S.Sos.I.,MA', 'ANALISIS PENGGUNAAN APLIKASI MEDIA SOSIAL DAN DAMPAKNYA TERHADAP KENAKALAN REMAJA DI KOTA PEKANBARU', 7, 6, 5, 2018, 0.00, '-', ''),
('Un.04/L.I/TL.01/2200/2017', 'Dr. H. Erman, MA\r\nDrs.H. Ibrahim, MA\r\nDrs. Arifuddin, MA', 'NUSYUDZ DALAM KONSEPSI ALQURAN DAN PENYELESAINNYA PADA PENGADILAN AGAMA DI INDONESIA (Integrasi Alquran dan Hukum Positif Indonesia)', 8, 5, 5, 2017, 0.00, '-', ''),
('Un.04/L.I/TL.01/2200/2018', 'Mardhiah Rubani, M.Si\r\nAlaidin.SH', 'EKSISTENSI RADIO ETNIK SERUMPUN RADIO 91.7 FM BATAM SEBAGAI PENGUATAN KEARIFAN LOKAL DALAM PERSPEKTIF UU. 32 TAHUN 2002', 2, 6, 5, 2018, 0.00, '-', ''),
('Un.04/L.I/TL.01/2201/2018', 'Khairiah, M.Ag', 'FENOMENA KONVERSI AGAMA DI KOTA PEKANBARU (KAJIAN MOTIF DAN MAKNA)', 7, 1, 5, 2018, 0.00, '-', ''),
('Un.04/L.I/TL.01/2202/2018', 'Sehani, SE, MM', 'ANALIS STRATEGI POSITIONING BANK MUAMALAT SEBAGAI PELOPOR PERBANKAN SYARIAH KOTA PEKANBARU', 7, 4, 5, 2018, 0.00, '-', ''),
('Un.04/L.I/TL.01/2204/2017', 'H. Darusman, S.Ag, M.Ag\r\nRafdeadi, S.Sos.I., MA\r\nPipir Romadi, S.Kom.I., M.M', 'Eksistensi Sistem Kepemimpinan Adat Suku Petalangan di Kabupaten Pelalawan', 8, 6, 5, 2017, 0.00, '-', ''),
('Un.04/L.I/TL.01/2204/2018', 'Indah Permanasari, S.P., M.P\r\nTiara Septirosya, S.P., M.Si', 'STUDI KUALITAS BENIH DAN HASIL TANAMAN KEDELAI YANG BERASAL DARI JENIS TANAH DAN SISTEM PERTANAMAN BERBEDA', 6, 8, 5, 2018, 0.00, '-', ''),
('Un.04/L.I/TL.01/2205/2017', 'Dra. Hj. Nurhayati B, M.Ag', 'KETRAMPILAN GURU MELAKSANAKAN INTEGRASI ILMU AGAMA DENGAN ILMU UMUM MELALUI KORELASI OKASIONAL PADA PEMBELAJARAN AL-QUR’AN HADIST DI PESANTREN PROVINSI RIAU', 8, 1, 5, 2017, 0.00, '-', ''),
('Un.04/L.I/TL.01/2205/2018', 'Novita Hera, S.P., M.P', 'BUDIDAYA BAWANG MERAH (ALLIUM ASCALOMICUM L.)  DENGAN BEBERAPA MODEL RANCANG BANGUN VERTIKULTUR', 7, 8, 5, 2018, 0.00, '-', ''),
('Un.04/L.I/TL.01/2206/2017', 'Drs. Ali Akbar, MIS\r\nJani Arni, S.Th.I., M.Ag\r\nMuslim, S.Ag., SH., M.Hum', 'TAFSIR AL-QAULUL BAYAN FI TAFSIR AL-QURAN KARYA SYEKH SULAIMAN AR-RASULI (Studi tentang Metode dan Corak Penafsiran)', 8, 2, 5, 2017, 0.00, '-', ''),
('Un.04/L.I/TL.01/2206/2018', 'Prof. Dr. H. Alaiddin, MA\r\nNurhayati, S.E.I., ME.Sy\r\nMuhammad Soim, M.Ag', 'EKSPLORASI PRAKTIK HUKUM ISLAM WAKAF PRODUKTIF DAN AKUNTABILITAS LEMBAGA – LEMBAGA WAKAF DI INDONESIA (STUDI KOMPARATIF PADA PROVINSI DKI JAKARTA DAN JAWA BARAT)', 5, 5, 5, 2018, 0.00, '-', ''),
('Un.04/L.I/TL.01/2207/2017', 'Dr. H, Abd. Wahid, M.Us\r\nHaris Riadi. M.Ag\r\nDr. H. Jamaluddin, M.Us', 'Aktifitas Dakwah kepada Masyarakat Suku Akit di Kecamatan Bantan Kabupaten Bengkalis', 8, 2, 5, 2017, 0.00, '-', ''),
('Un.04/L.I/TL.01/2207/2018', 'Memen Permata Azmi,S.Pd., M.Pd.', 'PENGEMBANGAN LEMBAR KERJA SISWA DENGAN PENDEKATAN CONCRETE-REPRESENTATIONAL- ABSTRACT (CRA) BERBASIS INTUISI UNTUK MEMFASILITASI KEMAMPUAN PEMAHAMAN KONSEP MATEMATIS SISWA MADRASAH TSANAWIYAH KABUPATEN KAMPAR', 3, 1, 5, 2018, 0.00, '-', ''),
('Un.04/L.I/TL.01/2208/2017', 'Miftahuddin, M.Ag\r\nDrs. H. Suhaimi, M.Ag\r\nM. Fahli Zatrahadi, M.Pd\r\nDarmawanti, M.I.Kom', 'TAREKAT SEBAGAI TERAPI GANGGUAN KEJIWAAN (Studi di Desa Besilam Kabupaten Langkat Sumatra Utara)', 8, 6, 5, 2017, 0.00, '-', ''),
('Un.04/L.I/TL.01/2208/2018', 'Hayatun Nufus, S.Pd, M.Pd', 'PROFIL KEMAMPUAN KOMUNIKASI MATEMATIS MAHASISWA DALAM MENYELESAIKAN SOAL PADA MATA KULIAH PROGRAM LINIER BERDASARKAN GAYA KOGNITIF DAN HABITS OF MIND', 3, 1, 5, 2018, 15000000.00, '-', ''),
('Un.04/L.I/TL.01/2209/2018', 'Suhandri, S.Si., M.Pd\r\nArnida Sari, S.Pd., M.Mat', 'PENGEMBANGAN MODUL BERBASIS KONTEKSTUAL TERINTEGRASI NILAI KEISLAMAN UNTUK MENINGKATKAN KEMAMPUAN PEMECAHAN MASALAH MATEMATIS SISWA MTs DI PROPINSI RIAU', 6, 1, 5, 2018, 0.00, '-', ''),
('Un.04/L.I/TL.01/2211/2017', 'Dr. Dewi Febrina. S.Pt., M.P\r\nDr. Rahmi Febriyanti. M.Sc\r\nZumarni. S.Pt., M.P', 'Isolasi Senyawa Bioaktif Antimikroba dari Pelepah Kelapa Sawit (Elaeis Guineensis Jacq)', 8, 8, 5, 2017, 0.00, '-', ''),
('Un.04/L.I/TL.01/2212/2018', 'Dra. Suhertina, M.Pd.', 'PERSEPSI SISWA TENTANG PENYALAHGUNAAN NARKOBA DI SEKOLAH MENENGAH PERTAMA NEGERI (SMPN) SE-RIAU', 6, 1, 5, 2018, 0.00, '-', ''),
('Un.04/L.I/TL.01/2213/2017', 'Dr. Mahyarni, SE, MM\r\nAstuti Meflinda, SE, MM\r\nIdentiti, SE, M.Ak', 'INVESTIGASI PENGARUH GREEN ECONOMIC, BENEFIT SOSIAL, DAN BENEFIT EKONOMI TERHADAP PERKEMBANGAN BISNIS DAN KINERJA UMKM SYARIAH (STUDI KASUS PADA INDUSTRI PARIWISATA DI PROVINSI RIAU DAN SUMATERA BARAT)', 8, 4, 5, 2017, 0.00, '-', ''),
('Un.04/L.I/TL.01/2213/2018', 'Rena Revita, S.Pd., M.Pd\r\nIrma Fitri, S.Pd, M.Mat', 'EVALUASI PELAKSANAAN KURIKULUM 2013 PADA PEMBELAJARAN MATEMATIKA SMA NEGERI KELAS XI DI KABUPATEN BENGKALIS', 3, 1, 5, 2018, 0.00, '-', ''),
('Un.04/L.I/TL.01/2214/2018', 'Dr. H. Aprijon Efendi, Lc. MA\r\nDr. H. Yasmaruddin Bardansyah, MA', 'PANDANGAN MASYARAKAT TERHADAP PELAKSANAAN KHUTBAH JUM`ATTRADISIONAL BERBAHASA ARAB DI MASJID JAMA’AH THARIQAT SYATARIYAH', 2, 1, 5, 2018, 0.00, '-', ''),
('Un.04/L.I/TL.01/2215/2017', 'Fitri Aryani, M.Sc\r\nCorry Corazon Marzuki, M. Si', 'Invers Matriks Toeplitz Bentuk Khusus Menggunakan Metode Adjoin', 9, 7, 5, 2017, 0.00, '-', ''),
('Un.04/L.I/TL.01/2216/2017', 'Jasril, S.Si, M.Sc\r\nSuwanto Sanjaya, S.T, M.Kom', 'IMPLEMENTASI SPATIAL FUZZY C-MEANS, EKSTRAKSI FITUR CITRA DAN KLASIFIKASI LVQ 3 DALAM PENGENALAN CITRA DAGING SAPI DAN BABI', 9, 7, 5, 2017, 0.00, '-', ''),
('Un.04/L.I/TL.01/2216/2018', 'Dr. Hj. Andi Murniati, M. Pd\r\nDra. Syariah, M. Pd', 'IMPLEMENTASI KURIKULUM 2013 DAN IMPLIKASINYA TERHADAP  PERILAKU KEBERAGAMAAN SISWA MTS NEGERI TEMBILAHAN INDRAGIRI HILIR', 6, 1, 5, 2018, 0.00, '-', ''),
('Un.04/L.I/TL.01/2217/2017', 'Arif Marsal, Lc, MA\r\nFitri Hidayato, SE., MM', 'PENGARUH PENGGUNAAN MEDIA SOSIAL TERHADAP KINERJA PEGAWAI DI LINGKUNGAN UIN SUSKA RIAU', 9, 7, 5, 2017, 0.00, '-', ''),
('Un.04/L.I/TL.01/2220/2018', 'VIRNA MUSELIZA, SE, M.Si\r\nAfrizal, S.Sos, M.Si\r\nDevi Deswimar, S.Sos, M.Si', 'PENGARUH FATWA MAJELIS ULAMA INDONESIA (MUI) NOMOR 4 TAHUN 2016 TENTANG IMUNISASI TERHADAP KEPUTUSAN ORANG TUA MELAKSANAKAN IMUNISASI DASAR ANAK DI PROVINSI RIAU', 1, 4, 5, 2018, 0.00, '-', ''),
('Un.04/L.I/TL.01/2221/2018', 'Evi Irawati, S.Pt, M.P', 'ANALISIS KEPUASAAN PETERNAKAN PLASMA TERHADAP KINERJA KEMITRAAN AYAM PEDAGING KOMERSIAL DI KABUPATEN KAMPAR', 7, 8, 5, 2018, 0.00, '-', ''),
('Un.04/L.I/TL.01/2223/2018', 'Salmiah, S.Pd., M.Pd. E.', 'PERAN MENONGKAH TRADISI MENCARI KERANG SEBAGAI UPAYA PENINGKATAN PENDAPATAN EKONOMI PADA MASYARAKAT SUKU LAUT DI DESA KUALA PATAH PARANG KECAMATAN SUNGAI BATANG KABUPATEN INDRAGIRI HILIR', 7, 1, 5, 2018, 0.00, '-', ''),
('Un.04/L.I/TL.01/2224/2018', 'Dr. Teddy Purnamirza, ST,.M.Eng\r\nRika Susanti, ST, M.Eng\r\nDepriwana Rahmi, S.Pd, M.Sc\r\nHalim Mudia, ST, MT', 'Perancangan Antena RLSA yang memiliki dua arah pancar berlawanan', 2, 7, 5, 2018, 0.00, '-', ''),
('Un.04/L.I/TL.01/2225/2018', 'Raja Rahima Munawarah Raja Ahmad,S.Pd.I., M.Pd. Kons\r\nHasgimianti, S.Pd., M.Pd., Kons', 'PENGARUH KONSELING PRANIKAH TERHADAP PEMAHAMAN REMAJA TENTANG BAHAYA SEKS BEBAS DAN PERNIKAHAN DINI DI DESA KUALU NENAS KECAMATAN TAMBANG KAMPAR RIAU', 3, 1, 5, 2018, 0.00, '-', ''),
('Un.04/L.I/TL.01/2228/2018', 'Drs. Ali Akbar, MIS\r\nJani Arni, S.TH.I, M. Ag\r\nDr. H. Hidayatullah Ismail, Lc, MA', 'STUDI TENTANG METODE PEMBELAJARAN KITAB TAFSIR PADA PONDOK PESANTREN DI PROPINSI RIAU', 2, 2, 5, 2018, 0.00, 'DIPA LEMBAGA PENELITIAN DAN PENGABDIAN UIN SUSKA RIAU TAHUN 2018', ''),
('Un.04/L.I/TL.01/2230/2018', 'Dr. Zaitun, M.Ag\r\nDrs.M.Hanafi, M.Ag\r\nNurhayati Zein, S.Ag., M.Sy\r\nKasmiati, S.Pd.I.,M.A', 'PENDIDIKAN MULTIKULTURAL SEBAGAI UPAYA PENANAMAN NILAI KARAKTER MAHASISWA DI PERGURUAN TINGGI (Studi terhadap STAI di Provinsi Riau dan Kepulauan Riau)', 2, 1, 5, 2018, 0.00, '-', ''),
('Un.04/L.I/TL.01/2231/2018', 'Yasnel, M.Ag', 'EKSISTENSI TAREKAT NAQSYABANDIYAH PADA MASYARAKAT SAKAI', 7, 1, 5, 2018, 0.00, '-', ''),
('Un.04/L.I/TL.01/2232/2018', 'Megawati, S.Kom, MT', 'EVALUASI MANAJEMEN LAYANAN SERVICE DESK PADA CUSTOMER CARE CENTER (C3) UIN SUSKA RIAU MENGGUNAKAN FRAMEWORK COBIT 4.1 DAN ITIL V3', 6, 7, 5, 2018, 0.00, '-', ''),
('Un.04/L.I/TL.01/2233/2018', 'Dr. H. M. Ridwan Hasbi, Lc, MA\r\nDr. Rina Rehayati, M.A\r\nDr. Martius, M.Hum', 'Integrasi Sirah Nabawiyah Dalam Tunjuk Ajar Melayu Riau Pada Pendidikan Karakter Anak', 2, 2, 5, 2018, 0.00, '-', ''),
('Un.04/L.I/TL.01/2234/2018', 'Rahmawati, S.Si, M.Sc\r\nIrma Suryani, S.Si, M.Sc', 'FORMULASI SINGLE DEPOT MULTIPLE TRAVELING SALESMAN PROBLEM (MTSP) DENGAN PEMROGRAMAN LINEAR FUZZY PADA KASUS DEPOSIT CARRYING', 3, 7, 5, 2018, 0.00, '-', ''),
('Un.04/L.I/TL.01/2235/2018', 'Jasril, SSi, MSc', 'IMPLEMENTASI HUESATURATION VALUE DAN LOCAL BINARY PATTERN PADA KLARIFIKASI DAGING SAPI DAN BABI MENGGUNAKAN MODIFIED K-NEAREST NEIGHBORS', 7, 7, 5, 2018, 0.00, '-', ''),
('Un.04/L.I/TL.01/2236/2018', 'Melfa Yola, ST, M.Eng', 'Eco-Design Kemasan Makanan Lokal dengan Pendekatan Kansei Engineering', 6, 7, 5, 2018, 0.00, '-', ''),
('Un.04/L.I/TL.01/2239/2018', 'Darnilawati, SE, M.Si', 'ANALISIS STRATEGI KEUNGGULAN BERSAING USAHA MIKRO KECIL MENENGAH (UMKM) PRODUK SYARIAH BERBASIS E-BUSINESS DI KOTA PEKANBARU', 3, 5, 5, 2018, 0.00, '-', ''),
('Un.04/L.I/TL.01/2240/2018', 'Rimet, SE, MM.Ak. CA', 'STRATEGI PENGEMBANGAN WISATA SYARIAH DI SUMATERA BARAT : ANALISIS SWOT (Strength, Weakness, Opportunity, Threath)', 3, 4, 5, 2018, 0.00, '-', ''),
('Un.04/L.I/TL.01/2252/2018', 'Fitri Hidayati, SE., MM\r\nWenny Desty Febrian., SE., MM', 'Pengaruh Penggunaan Jejaring Sosial Terhadap Produktivitas Pebisnis Onlineshop dengan Motivasi sebagai Variabel Moderasi', 6, 4, 5, 2018, 0.00, '-', ''),
('Un.04/L.I/TL.01/2253/2018', 'Sutoyo, MT\r\nDr. Dedi Irawan, M.Sc\r\nArif Marsal Lc, MA\r\nAgus Firdaus Chandra Lc, MA', 'DESAIN SISTEM PENGUKURAN TERPADU SINYAL SATELIT SECARA REAL-TIME YANG DIPENGARUHI OLEH REDAMAN HUJAN DI KAWASAN ASIA TENGGARA (INDONESIA, SINGAPURA DAN MALAYSIA)', 2, 9, 5, 2018, 0.00, '', ''),
('Un.04/L.I/TL.01/2254/2018', 'Ewi Ismaredah, S.Kom, M.Kom\r\nNanda Putri Miefthawaty, B.Sc., M.Sc', 'Pengembangan Aplikasi Mobile Web Untuk Mengidentifikasi Gangguan Kualitas Daya Listrik Menggunakan Asynchronouse Javascript XML, S- Transform Dan Support Vector Machine', 6, 7, 5, 2018, 0.00, '-', ''),
('Un.04/L.I/TL.01/2257/2018', 'Hariza Hasyim, SE, M.Si', 'PENGARUH EFIKASI DIRI, KECAKAPAN SOSIAL DAN INFORMASI KARIR TERHADAP PERENCANAAN KARIR MAHASISWA UIN SUSKA RIAU', 6, 4, 5, 2018, 0.00, '-', ''),
('Un.04/L.I/TL.01/2258/2018', 'Muhammad Nurwahid, M.Ag\r\nAhmad Mas\'ari, MA.Hk\r\nDrs. Yusran Sabili, MA\r\nIlham Akbar, SHI, SH, MH', 'PARADIGMA FIQIH KELOMPOK SALAFI DI INDONESIA DAN IMPLIKASINYA DALAM KEHIDUPAN BERBANGSA', 2, 5, 5, 2018, 0.00, '-', ''),
('Un.04/L.I/TL.01/2259/2018', 'Riki Handri Malau, SE, MM\r\nRony Jaya, S.Sos, M.Si ', 'Analisis Perbedaan Sikap dan Kebiasaan Konsumen dalam Memandang Label Halal Pada Gerai makanan di Provinsi Riau dan Kepulauan Riau ; Suatu Relijiusitas Perilaku Konsumen dalam Berbelanja.', 6, 4, 5, 2018, 0.00, '-', ''),
('Un.04/L.I/TL.01/2260/2018', 'Rahmadeni, S. Si, M.Si', 'ANALISIS PENGARUH PENDAPATAN ASLI DAERAH (PAD), TENAGA KERJA DAN PENGANGGURAN TERHADAP TINGKAT KEMISKINAN DI PROVINSI RIAU', 3, 7, 5, 2018, 0.00, '-', ''),
('Un.04/L.I/TL.01/2267/2018', 'Dr. Alex Wenda, S.T., M. Eng\r\nYusmar Mahmud, SP., M.Si\r\nInggih Permana, ST., M.Kom', 'Diagnosa Penyakit Tanaman Padi Berdasarkan Tekstur Analisis Hybrid Color Local Entropy Threshold Dan Otsu Menggunakan Rule Based Expert System', 2, 7, 5, 2018, 0.00, '-', ''),
('Un.04/L.I/TL.01/2269/2018', 'Dr. Zubaidah Amir  MZ, M.Pd\r\nRamon Muhandaz, M.Pd', 'Profil Kesulitan Belajar Matematika dan Self-efficacy Matematis  Siswa Sekolah Menengah Riau', 6, 1, 5, 2018, 0.00, '-', ''),
('Un.04/L.I/TL.01/2271/2018', 'M. IQBAL LUBIS', 'Analisis Kesiapan Program Studi Pendidikan Ekonomi Universitas Islam Negeri SUSKA Riau Dalam Membuka Kelas Internasional Tahun 2017', 3, 1, 5, 2018, 0.00, '-', ''),
('Un.04/L.I/TL.01/2272/2018', 'Annisah Kurniati, S.Pd.I, M.Pd\r\nDepi Fitriani, S.Pd., M.Mat', 'Pengembangan Buku Matematika Berbasis Pendekatan Matematika Realistik Terintegrasi Ilmu Keislaman', 6, 1, 5, 2018, 0.00, '-', ''),
('Un.04/L.I/TL.01/2277/2018', 'ANNA NURLITA, SE., M.Si', 'ANALISIS MINAT INVESTOR PEKANBARU DALAM INVESTASI EFEK SYARIAH PADA PASAR MODAL INDONESIA', 3, 4, 5, 2018, 0.00, '-', ''),
('Un.04/L.I/TL.01/2278/2018', 'ENDRIANTO USTHA, ST, MM', 'ANALISIS FAKTOR-FAKTOR YANG MEMPENGARUHI KEMAMPUAN SUMBER DAYA MANUSIA DALAM MENENTUKAN STRATEGI BERSAING PADA RUMAH MAKAN DI KOTA PEKANBARU', 3, 4, 5, 2018, 0.00, '-', ''),
('Un.04/L.I/TL.01/2280/2018', 'Edi Erwan, S.Pt, M.Sc, Ph.D', 'STUDI POTENSI ASAM AMINO L-CITRULLINE SEBAGAI AGEN ANTI HEAT STRESS MELALUI ORAL ADMINISTRATION PADA ANAK AYAM KAMPUNG', 7, 8, 5, 2018, 0.00, '-', ''),
('Un.04/L.I/TL.01/2281/2018', 'Drs. H. Promadi, M.A. Ph.D\r\nDadang Firdaus, M.A.', 'PEMIKIRAN BUYA HAMKA TENTANG PEMBELAJARAN BAHASA ARAB: Kajian Terhadap Novel Karya Prof. Dr. Hamka', 2, 1, 5, 2018, 0.00, '-', ''),
('Un.04/L.I/TL.01/2282/2018', 'Dr. Afrizal Nur, ST, M.Kom,\r\nSuja\'i Sarifandi, M.Ag', 'IMPLEMENTASI TEXT MINING CLASSIFICATION SEBAGAI PEMODELAN DALAM PENYIMPULAN MUATAN TAFSIR BIL MA\'TSUR DAN RA\'YI PADA TAFSIR ALMISBAH M.QURAISH SHIHAB BERBASIS MOBILE APPLICATION', 1, 2, 5, 2018, 0.00, '-', ''),
('Un.04/L.I/TL.01/2283/2018', 'Fitri Amillia', 'ANALISIS KINERJA TRANSMISI CITRA MELALUI KANAL RAYLEIGH FADING PADA SISTEM SCFDMA', 6, 7, 5, 2018, 0.00, '-', ''),
('Un.04/L.I/TL.01/2284/2018', 'Nurmaini Dalimunthe,S.Kom,.M.Kes', 'Implementasi Electronic Government Menuju Smart City Kota Pekanbaru', 6, 7, 5, 2018, 0.00, '-', ''),
('Un.04/L.I/TL.01/2285/2018', 'Wenny Pujiastuti, S.Sos, M.KP', 'ANALISIS KEDISIPLIN MAHASISWA FAKULTAS EKONOMI DAN ILMU SOSIAL DALAM MINAT MEMBACA DI PUSTAKA FAKULTAS EKONOMI DAN ILMU SOSIAL UIN SUSKA RIAU', 7, 4, 5, 2018, 0.00, '-', ''),
('Un.04/L.I/TL.01/2289/2018', 'Febi Yanto, S.Kom, M.Kom\r\nSiti Ramadhani, S. Pd., M. Kom', 'OPTIMASI ROUTING DAN PENYEBARAN SENSOR DALAM INTERNET OF THINGS (IoT)', 6, 7, 5, 2018, 0.00, '-', ''),
('Un.04/L.I/TL.01/2303/2018', 'Ervina Aryanti, S.P., M.Si', 'Pemberian Abu Boiler Sebagai Pengganti Pupuk Anorganik pada Tanaman Kelapa Sawit di Desa Bangko Pusaka Kabupaten Rokan Hilir : Studi Ketersedian Unsur Hara pada Tanah', 3, 8, 5, 2018, 0.00, '-', ''),
('Un.04/L.I/TL.01/2304/2018', 'Dr. Yenni Kurniawati, S.Si., M.Si\r\nDra. Firti Refelita, M.Si\r\nDra. Afrida, M.Ag', 'PENGEMBANGAN VIRTUAL-MICROLAB KIMIA BERBASIS GREEN-CHEMISTRY TERINTEGRASI NILAI ISLAM UNTUK MENDUKUNG KETERAMPILAN BEREKSPERIMEN KIMIA  DAN KARATER RELIGIUS SISWA', 1, 1, 5, 2018, 0.00, '-', ''),
('Un.04/L.I/TL.01/2305/2018', 'Junaidi Lbs, S.Ag, M.Ag\r\nListiawati Susanti, S.Ag, M.A', 'ASAS MANFAAT DALAM MENETAPKAN HUKUM ANALISIS TERHADAP PERBEDAAN PENDAPAT ULAMA FIQH DALAM AHWALUS SYAKHSIYYAH', 6, 5, 5, 2018, 0.00, '-', ''),
('Un.04/L.I/TL.01/2314/2018', 'Darni, S.P., MBA', 'PERSEPSI MAHASISWA TERHADAP PENGGUNAAN CADAR DI LINGKUNGAN PERGURUAN TINGGI UIN SUSKA RIAU', 7, 1, 5, 2018, 0.00, '-', ''),
('Un.04/L.I/TL.01/2316/2018', 'Dr. ABU SAMAH, MH', 'PERSEPSI MASYARAKAT TERHADAP KUALITAS SIFAT PRIBADI PIMPINAN KEPALA DESA HASIL PEMILIHAN LANGSUNG SERENTAK TANGGAL 28 OKTOBER 2017 DI KABUPATEN KAMPAR PROPINSI RIAU', 3, 5, 5, 2018, 0.00, '-', ''),
('Un.04/L.I/TL.01/2321/2018', 'Fatimah Depi Susanty Harahap, S.Pd.I, MA', 'PERSEPSI GURU MADRASAH ALIYAH NEGERI TERHADAP PELAKSANAAN UJI KOMPETENSI GURU (UKG)  BERBASIS CAT DI KOTA PEKANBARU', 6, 1, 5, 2018, 0.00, '-', ''),
('Un.04/L.I/TL.01/2322/2018', 'Eka Fitriyani, M.Psi.\r\nIndah Damayanti, M.Psi.,', 'STUDI TENTANG RELIGIUSITAS, KEMATANGAN EMOSIONAL, DAN STRESS SOSIAL PADA ORANG TUA YANG MELAKUKAN KEKERASAN TERHADAP ANAK DI PEKANBARU', 2, 3, 5, 2018, 0.00, '-', ''),
('Un.04/L.I/TL.01/2324/2018', 'Pangadilan Rambe, S.Pd.I, MA', 'PENGEMBANGAN APLIKASI PEMBELAJARAN INOVATIF DALAM PEMBELAJARAN BAHASA ARAB BERBASIS WEB', 6, 1, 5, 2018, 0.00, '-', ''),
('Un.04/L.I/TL.01/2325/2018', 'DR. H. Ismardi, M.Ag\r\nDr. Zulkifli, M.Ag\r\nKamiruddin, M.Ag\r\nAfrizal Ahmad, M.Ag', 'REFORMASI MUSLIM MARRIAGE AND DIVORCE ACT (MMDA)  OLEH MUSLIM MELAYU DI  SRILANKA (SUATU PENDEKATAN SOSIOLOGI HUKUM)', 2, 5, 5, 2018, 0.00, '-', ''),
('Un.04/L.I/TL.01/2326/2018', 'Lazulva, S, Si, M.Si\r\nLisa Utami, S.Pd., M.Si\r\nYuni Fatisa, M.Si', 'PRODUKSI ENERGI LISTRIK DAN PENGHILANGAN ION SULFAT DENGAN LIMBAH KULIT PISANG MENGGUNAKAN TEKNOLOGI MICROBIAL FUEL CELL', 6, 1, 5, 2018, 0.00, '-', ''),
('Un.04/L.I/TL.01/2328/2018', 'Drs. H. M. Hatta, M. Ag\r\nMiterianifa, M. Pd\r\nZona Octarya, M. Si', 'Pengembangan Bahan Ajar Kimia Berorientasi Literasi Sains Berbasis Penguatan Pendiidikan Karakter', 2, 1, 5, 2018, 0.00, '-', ''),
('Un.04/L.I/TL.01/2348/2018', 'Umi Rachmah Damayanti, SE. MM', 'ANALISIS TINGKAT EFISIENSI KINERJA LEMBAGA KEUANGAN MIKRO SYARIAH DENGAN PENDEKATAN TWO STAGE DATA ENVELOPMENT ANALYSIS(DEA)', 7, 4, 5, 2018, 0.00, '-', ''),
('Un.04/L.I/TL.01/2351/2018', 'Peri Pirmansyah,SH,.MH', 'KARAKTER MASYARAKAT DALAM PEMILIHAN KEPALA DAERAH (GUBERNUR) tAHUN 2018 DI PROVINSI RIAU (studi di Kabupaten Kampar, Kabupaten Siak, Kabupaten Pelalawan, dan kota Pekanbaru', 6, 5, 5, 2018, 0.00, '-', ''),
('Un.04/L.I/TL.01/2361/2018', 'Irdayanti, S.IP, MA', 'DAMPAK KAMPANYE EARTH HOUR TERHADAP KESADARAN LINGKUNGAN MASYARAKAT', 6, 4, 5, 2018, 0.00, '-', ''),
('Un.04/L.I/TL.01/2362/2018', 'Drs. Akmal, M.Pd', 'KONSEP SYUKUR (GRATEFULNES) DALAM PRESFEKTIF PSIKOLOGI POSITIF DAN ISLAM (Kajian Empiris Makna Syukur bagi Guru Pon-Pes Daarunnahdhah Thawalib Bangkinang Seberang, Kampar, Riau)', 3, 1, 5, 2018, 0.00, '-', ''),
('Un.04/L.I/TL.01/2378/2017', 'Putriana, SE, MM\r\nRimet, SE, MM, Ak, CA', 'ANALISIS PERSEPSI MASYARAKAT MUSLIM DAN NON MUSLIM TERHADAP KESIAPAN DESTINASI WISATA SYARIAH DI KOTA PEKANBARU DAN PADANG', 9, 4, 5, 2017, 0.00, '-', ''),
('Un.04/L.I/TL.01/2381/2018', 'Dr. Hj. Sitti Rahmah, M.Si', '“MENONGKAH” SUATU BENTUK PENDIDIKAN TRADISIONAL PADA MASYARAKAT SUKU DUANU DI SUNGAI LAUT KECAMATAN TANAH MERAH INDRA GIRI HILIR RIAU', 6, 4, 5, 2018, 0.00, '-', ''),
('Un.04/L.I/TL.01/2383/2018', 'Nurjanis, S.Ag, MA', 'DAMPAK PSIKOLOGIS NEGATIF KECANDUAN PERMAINAN ONLINE PADA MAHASISWA UIN SUSKA RIAU(STUDI KASUS: MOBILE LEGEND)', 7, 6, 5, 2018, 0.00, '-', ''),
('Un.04/L.I/TL.01/2390/2018', 'Dr. Leny Nofianti. MS, SE, M.Si.Ak, CA\r\nDr. Juliana, SE. M.Si\r\nDiana Eravia, SE. MM', 'PARADIGMA INTERPRETIF KRITIS: PENGEMBANGAN MODEL ISLAMIC GOVERNANCE  DALAM MENILAI KINERJA PERBANKAN SYARIAH', 4, 4, 5, 2018, 0.00, '-', ''),
('Un.04/L.I/TL.01/2391/2018', 'Benny Sukma Negara, ST,.MT\r\nAbas Wismoyo Hernawan, M. Sos', 'Pemanfaatan Memprediksi Jenis Kelamin Berdasarkan Tulisan Tangan Dengan Skema Machine Learning', 6, 7, 5, 2018, 0.00, '-', ''),
('Un.04/L.I/TL.01/2396/2018', 'Dr. Hartono, M.Pd\r\nMardia Hayati, M.Ag\r\nMirawati, M.Ag', 'Program LPTK dalam mengimplementasikan Kurikulum 2013 Edisi revisi 2017 di Universitas Islam Negeri se Indonesia', 2, 1, 5, 2018, 0.00, '-', ''),
('Un.04/L.I/TL.01/2408/2017', 'Muhammad Nurwahid, M.Ag\r\nAhmad Mas\'ari, MA. Hk\r\nYusran Sabili, MA', 'Beragama Dalam Bernegara: Paham Kebangsaan Front Pembela Islam (FPI) Dalam Konteks Negara Indonesia Yang Pluralistik', 8, 5, 5, 2017, 0.00, '-', ''),
('Un.04/L.I/TL.01/244/2015', 'Endah Purnama Sari, S.Pt, M.Si', 'KUALITAS FISIK, KIMIA, DAN MIKROBIOLOGI DAGING QURBAN DI KOTA PEKANBARU', 7, 8, 4, 2015, 0.00, '-', ''),
('Un.04/L.I/TL.01/2457/2017', 'Rahmad, M. Pd', 'Analisis Layanan Konsultasi terhadap Kasus Perempuan dan Anak Korban Kekeranan Dalam Rumah Tangga di Badan Pemberdayaan Perempuan Perlindungan Anak dan Keluarga Berencana (BPPPAKB) Provinsi Riau', 9, 6, 5, 2017, 0.00, '-', ''),
('Un.04/L.I/TL.01/2470/2017', 'Drs. H. Mohd. Yunus, M.Ag', 'DAMPAK SOSIAL KEAGAMAAN PENETAPAN TANJUNG BUTONSEBAGAI KAWASAN PERDAGANGAN BEBAS/ FREE TRADE ZONE (FTZ) BAGI MASYARAKAT TANJUN BUTON KABUPATEN SIAK', 8, 5, 5, 2017, 0.00, '-', ''),
('Un.04/L.I/TL.01/2556/2017', 'NANDA PUTRI MIEFTHAWATI B. Sc, M. Sc', 'ANALISIS PRAKIRAN KEBUTUHAN ENERGI LISTRIK TAHUN 2016-2025 DI PEKANBARU MENGGUNAKAN METODE REGRESI LINEAR SEDERHANA', 10, 7, 5, 2017, 0.00, '-', ''),
('Un.04/L.I/TL.01/2558/2017', 'ERVINA ARYANTI, S.P., M.Si', 'STATUS KESUBURAN TANAH ( KIMI DAN BIOLOGI) AREA PASCA TAMBANG EMAS ( STUDI KASUS PERTAMBANGAN EMAS TANPA IZIN(PETI) DI KENEGARIAN KARI, KECAMATAN KUANTAN TENGAH KABUPATEN KUANTAN SINGINGI)', 10, 8, 5, 2017, 0.00, '-', ''),
('Un.04/L.I/TL.01/2560/2017', 'LOVELLY DWINA DAHEN, S.H., M.H.', 'PERLINDUNGAN HUKUM TERHADAP PENCIPTA DAN PEMEGANG HAK CIPTA BERDASARKAN UNDANG-UNDANG NO. 28 TAHUN 2014 TENTANG HAK CIPTA', 10, 5, 5, 2017, 0.00, '-', ''),
('Un.04/L.I/TL.01/2561/2017', 'Hayatun Nufus, S. Pd, M. Pd', 'PROFIL KESALAHAN MAHASISWA DALAM MENYELESAIKAN SOAL PADA MATA KULIAH KALKULUS DIFERENSIAL BERDASARKAN GAYA KOGNITIF DAN HABITS OF MIND', 10, 1, 5, 2017, 7000000.00, '', ''),
('Un.04/L.I/TL.01/2562/2017', 'DEVI DESMIWAR, S.SOS, M.SI', 'EFEKTIVITAS PEMBINAAN MORAL REMAJA OLEH ORGANISASI REMAJA MASJID RAHMAT DI KELURAHAN KAMPUNG TENGAH KECAMATAN SUKAJADI KOTA PEKANBARU', 10, 4, 5, 2017, 0.00, '-', ''),
('Un.04/L.I/TL.01/2564/2017', 'DR. H. Suhayib, M.Ag\r\nDr. H. Johari, M.Ag\r\nDr. Wahidin, M.Ag', 'RELASI TASAWUF - POLITIK (Studi Komunikasi Politik Sufi dan Politisi Pada Era Pesta Demokrasi Di Kabupaten Pelalawan)', 8, 5, 5, 2017, 0.00, '-', ''),
('Un.04/L.I/TL.01/2775/2017', 'Drs. Azwir Salam, M.Ag\r\nDrs. H. Sutrno, M.Ag\r\nSusiba, M.Pd.I', 'PENGEMBANGAN MODEL PENDIDIKAN KARAKTER BANGSA BERPARADIGMA ISLAMI DI SEKOLAH MENENGAH ATAS MUHAMMADIYAH BANGKINANG (Research and Models Development)', 8, 1, 5, 2017, 0.00, '-', ''),
('Un.04/L.I/TL.01/3373/2016', 'Musfialdy, S.Sos, M.Si\r\nMuhammad Soim, MA', 'PENGARUH NILAI-NILAI ISLAM TERHADAP KINERJA USAHA MIKRO MELALUI KEWIRAUSAHAAN (STUDI DI KOTA PEKANBARU PROVINSI RIAU)', 9, 6, 4, 2016, 0.00, '-', ''),
('Un.04/L.I/TL.01/3374/2016', 'Sri Wahyuni, M.A., M. Psi., Psikolog\r\nIkhwanisifa, M. Psi., Psikolog', 'KORELASI ANTARA PENERAPAN KEPRIBADIAN RASULULLAH SAW (PROPHETIC PERSONALITY) DENGAN KESEJAHTERAAN PSIKOLOGIS (PSYCHOLOGICAL WELL-BEING) PADA MASA DEWASA”', 9, 3, 4, 2016, 0.00, '-', ''),
('Un.04/L.I/TL.01/3375/2016', 'Dr. Rado Yendra,  M.Sc\r\nM.Nizam Muhajir, S.Si', 'PERBANDINGAN KARAKTERISTIK IKLIM EKSTRIM NEGARA SERUMPUN MELAYU (MALAYSIA DAN INDONESIA) MELALUI MODEL KELEBATAN HUJAN', 9, 7, 4, 2016, 0.00, '-', ''),
('Un.04/L.I/TL.01/3376/2016', 'Ivan Muhammad Agung, S.Psi, M.Si\r\nAhyani Radhiani Fitri, M.A, Psi', 'Analisis Psikometri dan Standarisasi Norma pada Tes Inteligensi Struktur Test (IST) pada Mahasiswa', 9, 3, 4, 2016, 0.00, 'DIPA UIN SUSKA RIAU TAHUN 2016', ''),
('Un.04/L.I/TL.01/3378/2016', 'Lisya Chairani, S.Psi, M.A., Psikolog\r\nHijriyati Cucuani, S.Psi., M.Psi., Psikolog', 'KONSTRUKSI ALAT UKUR PSIKOLOGIS KONSEP MALU (AL-HAYAA) BERDASARKAN KONSEP ISLAM MENGGUNAKAN PENDEKATAN RASCH MODEL', 9, 3, 4, 2016, 0.00, '-', ''),
('Un.04/L.I/TL.01/3379/2016', 'Dra. Suhertina, M.Pd\r\nDarni, SP, MBA\r\nMuhammad Satria Irwanda', 'UPAYA GURU BIMBINGAN KONSELING DALAM MENCEGAH PENYALAHGUNAAN NARKOBA PADA SISWA SEKOLAH MENENGAH ATAS NEGERI (SMAN) PROVINSI RIAU', 9, 1, 5, 2016, 0.00, '-', ''),
('Un.04/L.I/TL.01/3380/2016', 'Ismu Kusumanto, ST,MT\r\nEkie Gilang Permata, ST., M.Sc', 'Faktor-faktor yang mempengaruhi minat siswa sekolah unggulan menjadi mahasiswa UIN Suska Riau', 9, 7, 4, 2016, 0.00, '-', ''),
('Un.04/L.I/TL.01/3382/2016', 'Syafrinaldi, MA\r\nPeri Pirmansyah, SH., MH', 'RASIONAL PEMILIH DALAM PEMILIHAN KEPALA DAERAH SERENTAK SEMESTER KEDUA DI PROVINSI RIAU TAHUN 2017 (Studi Pemilihan Kepala Daerah di Pekanbaru, Kampar dan Indragiri Hilir)', 9, 5, 4, 2016, 0.00, '-', ''),
('Un.04/L.I/TL.01/3383/2016', 'Dr. Jumni Nelli, M.Ag\r\nDra. Meimunah S. Moenada, M. Ag', 'POTRET PELAKSANAAN UNDANG-UNDANG PERKAWINAN DI INDONESIA: Perkawinan di Bawah Umur dan Perkawinan Tak Tercatat di Provinsi Riau', 9, 5, 4, 2016, 0.00, '-', ''),
('Un.04/L.I/TL.01/3384/2016', 'Zuraidah, S.Ag, M.Ag\r\nDra. Hj. Irdamisraini, MA', 'MENGUAK POTENSI ZAKAT DI KABUPATEN INDRAGIRI HILIR.', 9, 5, 4, 2016, 0.00, '-', ''),
('Un.04/L.I/TL.01/3386/2016', 'Dra. Hj. Sakilah, M.Pd\r\nTheresia Lidya Nova, M.Pd', 'Peningkatan Penguasaan Konsep dan Sikap Ilmiah dengan Menggunakan Model Pembelajaran IPA Terintegrasi Keislaman Program studi PGMI Fakultas Tarbiyah dan Keguruan UIN Suska Riau', 16, 1, 4, 2016, 0.00, '-', ''),
('Un.04/L.I/TL.01/3387/2016', 'Drs. Abu Anwar, M.Ag\r\nDrs. Samsi Hasan, Mh,sc', '\"Peningkatan Semangat Belajar Mahasiswa pada Mata Kuliah \'Ulumul Qur\'an dengan Menggunakan Aplikasi Pembelajaran Berbasis Multimedia Di Perguruan tinggi \"', 16, 1, 4, 2016, 0.00, 'DIPA BLU UIN SUSKA RIAU TAHUN 2016', ''),
('Un.04/L.I/TL.01/3389/2016', 'Endah Purnama Sari, S.Pt, M.Si, \r\nNURMAINI DALIMUNTHE, S.KOM, M.KES', 'Penilaian Performa Ternak Kurban Berbasis Mobile', 9, 8, 4, 2016, 0.00, '-', ''),
('Un.04/L.I/TL.01/3390/2016', 'Rika Susanti, ST, M.Eng', 'Analisa Keandalan Jaringan Optik di Lingkungan Kampus UIN Suska Riau', 10, 7, 4, 2016, 0.00, '-', ''),
('Un.04/L.I/TL.01/3391/2016', 'Mustakim, S.T., M. Kom', 'Optimalisasi Centroid K-Means Menggunakan Principal Component Analysis dan Analytic Hierarchy Process untuk Pengelompokan Data Pendaftar Penelitian Diktis', 10, 7, 4, 2016, 0.00, '-', ''),
('Un.04/L.I/TL.01/3392/2016', 'Siti Monalisa, ST, M.Kom', 'Analisis Kepuasan Pelanggan Ritel Online dalam Berbelanja Berdasarkan Karakteristik Situs Ritel Online', 10, 7, 4, 2016, 0.00, '-', ''),
('Un.04/L.I/TL.01/3394/2016', 'Dian Mursyitah, ST, MT', 'KAJIAN KUALITAS DAYA LISTRIK KAMPUS UIN SUSKA PEKANBARU RIAU', 10, 7, 4, 2016, 0.00, '-', ''),
('Un.04/L.I/TL.01/3395/2016', 'Nanda Putri Miefthawati, M.Sc', 'Analisa Implementasi Kebijakan Konversi Minyak Tanah Ke Gas LPG 3 Kg di Kelurahan Maharatu Kecamatan Marpoyan Damai', 10, 7, 4, 2016, 0.00, '-', ''),
('Un.04/L.I/TL.01/3397/2016', 'FATHIYATUL HAMIDAH, \r\nJULIANDRI YANTO, \r\nSHANTY DWI AFITRI', 'Hubungan antara Dukungan Sosial Keluarga dengan Psychological Well Being Narapidana Lembaga Pembinaan Khusus Anak di Pekanbaru', 11, 4, 4, 2016, 0.00, '-', ''),
('Un.04/L.I/TL.01/3398/2016', 'Fatikhatul Mawa', 'EFEKTIFITAS PELAKSANAAN PEMBELAJARAN MENGGUNAKAN KURIKULUM 2013 DI MADRASAH ALIYAH NEGERI 1 KOTA PEKANBARU', 11, 4, 4, 2016, 0.00, '-', ''),
('Un.04/L.I/TL.01/3404/2016', 'NIDYA EKA SAPUTRI', 'Pembentukan Galur Cabai Merah Keriting (Capsicum annuum L.) Melalui Hibridisasi Full DialLel', 11, 8, 4, 2016, 0.00, '-', ''),
('Un.04/L.I/TL.01/3405/2016', 'RANDI ZULHIRWAN', 'PENGUJIAN KANDUNGAN KLOROFIL DAN JUMLAH STOMATA UNTUK EVALUASI TOLERANSI SUHU TINGGI PADA TANAMAN CABAI MERAH (Capsicum annum L.) PADA FASE JUVENIL', 11, 8, 4, 2016, 0.00, '-', ''),
('Un.04/L.I/TL.01/3407/2016', 'Efi Darmayanti', 'KARAKTERISASI MORFOLOGI TANAMAN NANAS (Ananas comosus (L.) Merr) DI KABUPATEN ROKAN HILIR', 11, 8, 4, 2016, 0.00, '-', ''),
('Un.04/L.I/TL.01/3408 /2016', 'NORMA YULIA', 'KUALITAS SPERMA BEKU SAPI DALAM PENGENCER TRIS-KUNING TELUR DENGAN KONSENTRASI SARI BUAH TOMAT YANG BERBEDA', 11, 8, 4, 2016, 0.00, '-', ''),
('Un.04/L.I/TL.01/3409/2016', 'DIAN ADRIANI', 'Identifikasi Tahap Perkembangan Kultur Anter Cabai Merah Keriting (Capsicum annuum L.)', 11, 8, 4, 2016, 0.00, '-', ''),
('Un.04/L.I/TL.01/3410/2016', 'Tasriani,S.Ag. M.Ag\r\nAndi Irfan, SE, M. Sc, Ak, CA', 'Analisa Akad Pembiayaan Take Over Perbankan Syariah di Pekanbaru.', 9, 4, 4, 2016, 0.00, '-', ''),
('Un.04/L.I/TL.01/3411/2016', 'Ikhwani Ratna, SE. M.Si, Ak\r\nHidayati Nasrah, SE, M. Acc', 'Pengaruh Pengelolaan Keuangan Daerah terhadap Penerapan Sistem Akuntabilitas Instansi Pemerintah di Lingkungan Pemerintah Provinsi Riau', 9, 4, 4, 2016, 0.00, '-', ''),
('Un.04/L.I/TL.01/3414/2016', 'Syamsurizal, SE, M.Sc.Ak\r\nYusrialis, SE, M. Si', 'ANALISIS NILAI-NILAI KEWIRAUSAHAAN (ENTREPRENEUR VALUES) PELAKU INDUSTRI KECIL DI KEC. SIAK DAN TUALANG KABUPATEN SIAK', 9, 5, 4, 2016, 0.00, '-', ''),
('Un.04/L.I/TL.01/3415/2016', 'ENDRIANTO USTHA, ST, MM', '“FAKTOR-FAKTOR YANG MEMPENGARUHI NIAT KEWIRAUSAHAAN (ENTREPRENEURIAL INTENTION) MAHASISWA DI PEKANBARU” (STUDI KASUS PADA EMPAT UNIVERSITAS DI PEKANBARU)', 10, 4, 4, 2016, 0.00, '-', ''),
('Un.04/L.I/TL.01/3416/2016', 'Devi Arisanti, M.Ag', 'IMPLEMENTASI PENDIDIKAN AKHLAK MULIA DI SMA SETIA DHARMA PEKANBARU', 10, 1, 4, 2016, 0.00, '-', ''),
('Un.04/L.I/TL.01/3417/2016', 'Artis, S.Ag, M.I.Kom', 'IMPLEMENTASI MARKETING MIX TERHADAP PENJUALAN KERUPUK SANJAI MENTUO DI KODYA BUKITTINGGI SUMATERA BARAT', 10, 6, 4, 2016, 0.00, '-', ''),
('Un.04/L.I/TL.01/3418/2016', 'Sehani, SE, MM', 'Analisis Potensi dan Perilaku Masyarakat Non Muslim Terhadap Bank Syariah di Kota Pekanbaru', 10, 4, 4, 2016, 0.00, '-', ''),
('Un.04/L.I/TL.01/3419/2016', 'Irdha Mirdhayati, S.Pi, M.Si\r\nWieda Nurwidada Haritsah Zain, S. Pt, M. Si', 'APLIKASI HIDROLISAT PROTEIN DAGING KAMBING KACANG DENGAN EFEK ANTIHIPERTENSI PADA PRODUK SUP KRIM INSTAN', 9, 8, 4, 2016, 0.00, '-', ''),
('Un.04/L.I/TL.01/3421/2016', 'Anwar Efendi Harahap, S.Pt, M.Si\r\nIr. Eniza Saleh, M.S', 'ISOLASI DAN IDENTIFIKASI BAKTERI ASAM LAKTAT CAIRAN RUMEN SAPI, KERBAU DAN DOMBA SEBAGAI SUMBER PROBIOTIK PAKAN', 9, 8, 4, 2016, 0.00, '-', ''),
('Un.04/L.I/TL.01/3422/2016', 'Dr. Triani Adelina, S.Pt, MP\r\nOksana., S.P, MP', 'KUALITAS NUTRISI KULIT UBI KAYU (MANIHOT UTILISSIMA) YANG DIFERMENTASI DENGAN RAGI TAPE (SACCAROMISES CERESEVISIAE) SEBAGAI PAKAN TERNAK', 9, 8, 4, 2016, 0.00, '-', ''),
('Un.04/L.I/TL.01/3423.a/2016', 'Yusbarina, M.Si\r\nZona Octarya, M. Si', 'Optimasi dan Desain Alat Sel Volta Tanah Gambut sebagai Sumber Energi Listrik Alternatif.', 9, 1, 4, 2016, 0.00, '-', ''),
('Un.04/L.I/TL.01/3423/2016', 'Aulia Rani Annisava, SP, M.Sc\r\nZumarni, S.Pt., M.P', 'Optimasi Pertumbuhan dan Kandungan Kimia Pegagan Organik yang ditanam Menggunakan Naungan', 9, 8, 4, 2016, 0.00, '-', ''),
('Un.04/L.I/TL.01/3439/2016', 'HADI MARDIANSYAH', 'PERGESERAN SISTEM PEMERINTAHAN SEBELUM DAN SETELAH AMANDEMEN UUD 1945', 11, 4, 4, 2016, 0.00, '-', ''),
('Un.04/L.I/TL.01/3443/2016', 'M.YUSUF', 'POLA PEMBINAAN MORAL ANAK ASUH (STUDI KASUS PADA PANTI ASUHAN AL-IKHLAS DARUSSALAM, KEC.BAGAN SINEMBAH, KAB.ROKAN HILIR)', 11, 4, 4, 2016, 0.00, '-', ''),
('Un.04/L.I/TL.01/3444/2016', 'Sri Basriati, S.Si, M.Sc', 'Integer Linear Programming dengan Pendekatan Metode Cutting Plane dan Branch and Bound untuk Optimasi Produksi Tahu', 10, 7, 4, 2016, 0.00, '-', ''),
('Un.04/L.I/TL.01/3445/2016', 'Vera Devani, ST, M.Sc', 'Aplikasi Goal Programming untuk Menentukan Variasi Menu Makananan Pendirita Diabetes Mellitus', 10, 7, 4, 2016, 0.00, '-', ''),
('Un.04/L.I/TL.01/3447/2016', 'Restu Misrianti, S.Pt. M.Si', 'KARAKTERISTIK KUALITATIF DAN KUANTITATIF SAPI DAN KERBAU YANG DIGUNAKAN SEBAGAI HEWAN QURBAN DI KABUPATEN KUANTAN SINGINGI', 10, 8, 4, 2018, 0.00, '-', ''),
('Un.04/L.I/TL.01/3450/2016', 'Tengku Nurainun, ST, MT\r\nWresni Anggraini, ST, MM', 'Perancangan Sistem Informasi Usaha Ekonomi Daerah Kabupaten Bengkalis Riau', 9, 7, 4, 2016, 0.00, '-', ''),
('Un.04/L.I/TL.01/3451/2016', 'Suhandri, S. Si, M.Pd\r\nHayatun Nufus, M.Pd\r\nErdawati Nurdin, M.Pd', 'Deskripsi kemampuan koneksi matematis mahasiswa dalam menyelesaikan masalah matematika berdasarkan level kemampuan akademik', 9, 1, 4, 2016, 0.00, '-', ''),
('Un.04/L.I/TL.01/3452/2016', 'Dr. Alwis Nazir, M. Kom', 'Integrasi Informasi Produk halal Menggunakan teknologi Web Service Berbasis Service Oriented Architecture (SOA)', 10, 4, 4, 2016, 0.00, '-', ''),
('Un.04/L.I/TL.01/3453/2016', 'CORRY CORAZON MARZUKI, M.Si', 'NILAI TOTAL KETAKTERATURAN TITIK PADA GRAF HASIL KALI COMB Pm DAN Pn', 10, 7, 4, 2016, 0.00, '-', ''),
('Un.04/L.I/TL.01/3454/2016', 'Iwan Iskandar, ST', 'Analisa Quality of Service (QoS) Jaringan Wireless LAN menggunakan metode Load Balancing dengan Algoritma Least Connection (Studi Kasus: Jaringan WiFi Kampus UIN SUSKA Riau)', 10, 7, 4, 2016, 0.00, '-', ''),
('Un.04/L.I/TL.01/3455/2016', 'Misra Hartati, ST, MT', 'ANALISIS RISIKO RANTAI PASOK PABRIK KELAPA SAWIT (PKS) DENGAN METODE SCOR', 10, 7, 4, 2016, 0.00, '-', ''),
('Un.04/L.I/TL.01/3456/2016', 'Sutoyo, ST, MT', 'PEMBUATAN PROTOTYPE DATA PENGAMATAN STASIUN ALE RIAU', 10, 7, 4, 2016, 0.00, '-', ''),
('Un.04/L.I/TL.01/3459/2016', 'Pangadilan Rambe, S.Pd.I, MA\r\nMusfika Hendri, S.Pd.I, MA', 'PROFESIONALISME PAEDAGOGIK GURU BAHASA ARAB DALAM MENINGKATKAN PEMBELAJARAN BERBASIS SAINTIFIC DI PONDOK PESANTREN BENGKALIS', 9, 1, 4, 2016, 0.00, '-', ''),
('Un.04/L.I/TL.01/3460/2016', 'Idria Maita, S.Kom, M.Sc\r\nZarnelly, S. Kom, M. Sc', 'APLIKASI PEMBELAJARAN INTERAKTIF BAHASA ARAB BERBASIS ANDROID (STUDI KASUS : PUSAT PENGEMBANGAN BAHASA UIN SUSKA RIAU)', 9, 7, 4, 2016, 0.00, '-', ''),
('Un.04/L.I/TL.01/3461/2016', 'Dr. Agustiar, M.Ag\r\nAfriza, S.Ag, M.Pd', 'Tingkat Kemampuan Bahasa Arab Muballigh/Muballighoh Kota Pekanbaru Dalam Berdakwah', 9, 2, 4, 2016, 0.00, '-', ''),
('Un.04/L.I/TL.01/3463/2016', 'Zulfahmi, S.Hut. M.Si\r\nIr. Mokhamad Irfan, M. Sc', 'STRUKTUR GENETIK PASAK BUMI DI HUTAN LARANGAN ADAT RUMBIO BERDASARKAN PENANDA RAPD', 9, 8, 4, 2016, 0.00, '-', ''),
('Un.04/L.I/TL.01/3465/2016', 'Dewi Febrina, S.Pt., MP\r\nDrh. Jully Handoko. M.KL', 'Ekstraksi dan Identifikasi Senyawa Antimikroba yang Berasal dari Pelepah Kelapa Sawit (Elaeis Guineensis Jacq) sebagai Antibiotik Alami', 9, 8, 4, 2016, 0.00, '-', ''),
('Un.04/L.I/TL.01/3466/2016', 'Dr. Arsyadi Ali, S.Pt, M.AgrSc\r\nBambang Kuntoro, S.Pt., M.Si', 'TEKNOLOGI SILASE DAN PENEPUNGAN UNTUK MENINGKATKAN KANDUNGAN GIZI DAN KECERNAAN AMPAS TEBU YANG DITAMBAH BIOMASA INDIGOFERA SEBAGAI PAKAN TERNAK', 9, 8, 4, 2016, 0.00, '-', ''),
('Un.04/L.I/TL.01/3468/2016', 'Hidayati, S.Pt, MP(KETUA) \r\nTAHRIR AULAWI, S.PT.,M.P(ANGGOTA)', 'Uji Kualitatif dan Kuantitatif Isolasi DNA Berasal Dari Darah, Feces dan Urine Pada Ternak Sapi, Kerbau dan KAmbing', 9, 1, 4, 2016, 0.00, '-', ''),
('Un.04/L.I/TL.01/3479/2016', 'Dr. Ellya Roza, M. Hum\r\nYasnel, M. Ag\r\nSindi Ayudia Pama', 'POLA DINAMIKA PENETRASI, AKULTURASI DAN ASSIMILASI ISLAM MELALUI JALUR UTARA RIAU TERHADAP SOSIAL BUDAYA MASYARAKAT MELAYU ROKAN HULU', 9, 1, 4, 2016, 0.00, '-', ''),
('Un.04/L.I/TL.01/3480/2016', 'Drs. Syahril Romli, M.Ag\r\nRosmita, M. Ag\r\nNurwidi Lestari', 'TRADISI RITUAL MASYARAKAT ISLAM JAWA DALAM PERAYAAN TAHUN BARU ISLAM DI LINGKUNGAN KERATON JOGYAKARTA (ANALISIS ASPEK KEYAKINAN AQIDAH DAN TATA CARA IBADAH DALAM PERSEPEKTIF SUNNAH)', 9, 6, 4, 2016, 0.00, '-', ''),
('Un.04/L.I/TL.01/3481/2016', 'Dr. Alex Wenda, ST, M.Eng\r\nAhmad Faizal, ST., MT', 'PENGEMBANGAN APLIKASI WEB CERDAS PADA MOBILE PHONE UNTUK MENGIDENTIFIKASI GANGGUAN KUALITAS DAYA LISTRIK KAMPUS UIN SUSKA RIAU MENGGUNAKAN S-TRANSFORM DAN DENDOGRAM SUPPORT VECTOR MACHINE', 9, 7, 4, 2016, 0.00, '-', ''),
('Un.04/L.I/TL.01/3483/2016', 'Fitri Amillia, ST, MT (KETUA) \r\nMULYONO, ST.MT(ANGGOTA)', 'ANALISIS KINERJA TRANSMISI CITRA MENGGUNAKAN TEKNIK MODULASI QAM PADA SISTEM ORTHOGONAL FREQUENCY DIVISION MULTIPLEXING', 9, 7, 4, 2016, 0.00, '-', ''),
('Un.04/L.I/TL.01/3485/2016', 'Mohammad Soleh, S.Si, M.Sc\r\nWartono, M.Sc', 'Model SIR Penyebaran Demam Berdarah di Pekanbaru', 9, 7, 4, 2016, 0.00, '-', ''),
('Un.04/L.I/TL.01/3486/2016', 'Dr. Rika, S.Si, M.Sc\r\nDr. Dedi Irawan, S.Si, M.Sc\r\nDr. Erman Taer, M.Si', 'BRIKET ARANG TERINTEGRASI PEREKAT ORGANIK DARI LIMBAH BIOMASSA SEBAGAI SUMBER ENERGI ALTERNATIF', 9, 7, 4, 2016, 0.00, '-', ''),
('Un.04/L.I/TL.01/3487/2016', 'Dra. Nurasmawi, M.Pd\r\nMuhammad Ihsan Hamdy, M.T', 'PERANAN KOPERASI MITRA SEHATI DALAM MENINGKATKAN EKONOMI RAKYAT PADA RUKUN WARGA 14 KELURAHAN SAIL KECAMATAN TENAYAN RAYA KOTA PEKANBARU', 9, 1, 4, 2016, 0.00, '-', ''),
('Un.04/L.I/TL.01/3488/2016', 'Dr. Wahidin, M.Ag\r\nHendri Sayuti, M. Ag', 'POTRET KERUKUNAN MASYARAKAT ETNIS MELAYU – CHINA DALAM BINGKAI NEGERI SERIBU KUBAH KABUPATEN ROKAN HILIR', 9, 5, 4, 2016, 0.00, '-', ''),
('Un.04/L.I/TL.01/3489/2016', 'Zuhairansyah Arifin, S.Ag, M.Ag', 'REVITALISASI PERAN DAN KONTRIBUSI DAYAH DALAM MELESTARIKAN NILAI-NILAI TRADISI KEILMUAN ISLAM DI PROVINSI ACEH DARUSSALAM', 9, 1, 4, 2016, 0.00, '-', ''),
('Un.04/L.I/TL.01/3491/2016', 'Dr. H. Muh. Said. HM, M.Ag, MM\r\nDra. Hj. Syafi\'ah, M.Ag', 'SISTEM PELAYANAN PEMULIHAN KETERGANTUNGAN NAPZA PADA RUMAH SAKIT JIWA TAMPAN PROVINSI RIAU ( Suatu Tinjauan Menurut Perspektif Islam )', 9, 5, 4, 2016, 0.00, '-', ''),
('Un.04/L.I/TL.01/3492/2016', 'Febri Handayani, S.HI, MH\r\nLysa Angrayni, SH., MH\r\nHelmawati, ST', 'Problematika Hubungan Ketenagakerjaan di Kota Batam Menurut Undang-Undang Nomor 13 Tahun 2003 Tentang Ketenagakerjaan', 9, 5, 4, 2016, 0.00, '-', ''),
('Un.04/L.I/TL.01/3494/2016', 'Lazulva, S, Si, M.Si\r\nLisa Utami, S. Pd., M. Si', 'Biosorpsi Logam Pb(II) dan Cd(II) dari Larutan Mengunakan Kulit Bbuah Pinang', 9, 1, 4, 2016, 0.00, '-', ''),
('Un.04/L.I/TL.01/3500/2016', 'Henni Indrayani, SE, MM\r\nHesty Wulandari, SE., M. Sc, Ak', 'PENGARUH TEKANAN EKSTERNAL, KETIDAKPASTIAN LINGKUNGAN DAN KOMITMEN TERHADAP TRANSPARANSI PELAPORAN KEUANGAN DENGAN RELIGIUSITAS SEBAGAI VARIABEL MODERATING PADA PTKI DI KOTA PEKANBARU', 9, 4, 4, 2016, 0.00, '-', ''),
('Un.04/L.I/TL.01/3501/2016', 'Syaifullah, SE, M.Sc', 'POLA BAURAN MAHASISWA DALAM PEMANFAATAN RUANG PUBLIK DENGAN METODA PEMETAAN SPASIAL (STUDI KASUS KAMPUS PANAM UIN SUSKA RIAU)', 9, 7, 4, 2016, 0.00, '-', ''),
('Un.04/L.I/TL.01/3503/2016', 'Susnaningsih Mu`at, SE, MM\r\nNelsi Arisandy, SE, M.Ak, Ak', 'Analisis Personal Financial Literacy dan Financial Behavior Mahasiswa Strata 1 Fakultas Ekonomi dan Ilmu Sosial UIN Sultan Syarif Kasim Riau', 9, 4, 4, 2016, 0.00, '-', ''),
('Un.04/L.I/TL.01/3505/2016', 'Drs. A. GHOZALI SYAFEI, M.Si', 'PEMAHAMAN PESERTA MUSABAQAH KHOTTIL QUR’AN TERHADAP MAKNA WARNA DALAM SENI KALIGRAFI DEKORASI (KAJIAN DI PROVINSI RIAU)', 10, 6, 4, 2016, 0.00, '-', ''),
('Un.04/L.I/TL.01/3506/2016', 'Rahman, M.Ag', 'ANALISIS KEDUDUKAN HADITS LARANGAN MENAFSIRKAN AL-QUR’AN DENGAN AL-RA\'YU', 10, 6, 4, 2016, 0.00, 'DIPA UIN SUSKA RIAU TAHUN 2016', ''),
('Un.04/L.I/TL.01/3507/2016', 'Rafdeadi, S.Sos.I, MA', 'REPRESENTASI NILAI- NILAI ISLAM DALAM FILM AYAT – AYAT CINTA', 10, 6, 4, 2016, 0.00, '-', ''),
('Un.04/L.I/TL.01/3508/2016', 'Hariza Hasyim, SE, M.Si', 'Analisis Pertumbuhan Ekonomi dan Ketimpangan Pendapatan antar Daerah di Propinsi Riau', 10, 4, 4, 2016, 0.00, '-', ''),
('Un.04/L.I/TL.01/3511/2016', 'Dr. Khairunnas Jamal, M.Ag\r\nH. Syafril Siregar, MA', 'PARTISIPASI PONDOK PESANTREN DALAM MENCEGAH RADIKALISME DI PROPINSI RIAU', 9, 2, 4, 2016, 0.00, '-', ''),
('Un.04/L.I/TL.01/3513/2016', 'Zulamri, S.Ag, MA\r\nPipir Romadi, S.Kom.I', 'Layanan Konsultasi dalam membantu menangani kasus anak korban kekerasan dalam rumah tangga di Pusat Pelayanan Terpadu Pemberdayaan Perempuan dan anak (P2TP2A) Provinsi Riau', 15, 6, 4, 2016, 0.00, '-', ''),
('Un.04/L.I/TL.01/3514/2016', 'Penti Suryani, S.P, M.Si\r\nDrs. Ahmad Darmawi, M.Ag\r\nDewi Handayani', 'KAPASITAS PEREMPUAN TANI DALAM MEWUJUDKAN KETAHANAN PANGAN RUMAH TANGGA DALAM MENGHADAPI ERA GLOBALISASI DI KOTA PEKANBARU', 15, 8, 4, 2016, 0.00, '-', ''),
('Un.04/L.I/TL.01/35152016', 'Reni Susanti, S.Psi, M.Psi, Psikolog\r\nRicca Angraeni Munthe, S.Psi, M.A', 'Relasi Interpersonal dengan Saudara Kandung: Studi Mengenai Budaya Saling Berkunjung pada Perempuan Melayu yang Telah Menikah dengan Pendekatan Psikologi Indijinus', 15, 3, 4, 2016, 0.00, '-', ''),
('Un.04/L.I/TL.01/3517/2016', 'Drs. Mukhlis, M.Si.\r\nIndah Puji Ratnani, S.Psi., M.A\r\nAfni Benazir, S.Psi.', 'PREFERENSI PEMILIHAN PASANGAN HIDUP ANTARA PRIA DAN WANITA MUSLIM PADA DEWASA AWAL', 15, 3, 4, 2016, 0.00, '-', ''),
('Un.04/L.I/TL.01/3518/2016', 'Ari Pani Desvina, S.Si, M.Sc\r\nIrma Suryani, M.Sc', 'PEMODELAN PENCEMARAN UDARA DAN HOTSPOT (TITIK API) MENGGUNAKAN MODEL VECTOR AUTOREGRESSIVE (VAR)', 9, 7, 4, 2016, 0.00, '-', ''),
('Un.04/L.I/TL.01/3519/2016', 'Novi Yanti, S.T, M.Kom\r\nNazruddin Syafaat Harahap, S.T, M.T', 'Analisis Jaringan Syaraf Tiruan dengan Struktur Backpropagation untuk Deteksi Gangguan Penyakit Tropis', 9, 7, 4, 2016, 0.00, '-', ''),
('Un.04/L.I/TL.01/3523/2016', 'Ismail Mulia Hasibuan, S.Pd, M.Si\r\nNoviarni, M. Pd', 'PENGEMBANGAN MEDIA PEMBELAJARAN MATEMATIKA BERMAKNA DARI ALAM SEKITAR UNTUK MENINGKATKAN KEMAMPUAN MATEMATIKA SISWA MADRASAH TSANAWIYAH RIAU', 9, 1, 4, 2016, 0.00, '-', ''),
('Un.04/L.I/TL.01/3524/2016', 'Drs. M. Hatta, M.Ag\r\nMiterianifa, M.Pd', 'Pengembangan Perangkat Pembelajaran Kimia Terintegrasi Ilmu Keislaman', 9, 1, 4, 2016, 0.00, '-', ''),
('Un.04/L.I/TL.01/3527/2016', 'Nuardi, S.Pd.I, M.Ed', 'PEMBELAJARAN BAHASA INGGRIS DENGAN MEDIA POWER POINT DI MADRASAH TSANAWIYAH YPUI RUMBIO JAYA', 10, 1, 4, 2016, 0.00, '-', ''),
('Un.04/L.I/TL.01/3528/2016', 'DEWI DINIATY, ST., M.Ec.dev', 'ANALISIS KEPUASAN RUMAH TANGGA PENERIMA MANFAAT RASKIN DI KELURAHAN TANGKERANG SELATAN KECAMATAN BUKITRAYA KOTA PEKANBARU MENGGUNAKAN PENDEKATAN IMPORTANCE PERFORMANCE ANALYSIS', 10, 7, 4, 2016, 0.00, '-', ''),
('Un.04/L.I/TL.01/3529/2016', 'EMILIA SUSANTI, S.Pd, M.Pd', 'Pelaksanaan Corporate Sosial Responsibility PT. Riau Pulp And Paper Terhadap Kemajuan dan Kemunduran Sekolah Bernas Pangkalan Kerinci Kabupaten Pelalawan', 10, 1, 4, 2016, 0.00, '-', ''),
('Un.04/L.I/TL.01/3532/2016', 'ERMANSYAH, SE, MM', 'PENGARUH PENUTUPAN LOKALISASI TELEJU TERHADAP MARAKNYA PANTI PIJAT DAN IMPLIKASINYA TERHADAP KERESAHAN MASYARAKAT DI KOTA PEKANBARU', 10, 4, 4, 2016, 0.00, '-', ''),
('Un.04/L.I/TL.01/3533/2016', 'Rozalinda, SE, MM', 'Analisis Kointegrasi Dan Kausalitas Antara Pengeluaran Pemerintah dan Pertumbuhan Ekonomi Di Provinsi Riau Kurun Waktu 1983 – 2014', 10, 4, 4, 2016, 0.00, '-', ''),
('Un.04/L.I/TL.01/3534/2016', 'Andri Novius, SE. M.Si, Ak', 'ANALISIS INTENSITAS MORAL MAHASISWA AKUNTANSI UIN SULTAN SYARIF KASIM RIAU DALAM PROSES PEMBUATAN KEPUTUSAN YANG ETIS UNTUK MENCEGAH KECURANGAN AKUNTANSI', 10, 4, 4, 2016, 0.00, '-', ''),
('Un.04/L.I/TL.01/3535/2016', 'Khairil Henry, SE, M.Si.Ak', 'KONTRIBUSI PAJAK DAERAH DAN RETRIBUSI DAERAH TERHADAP PENDAPATAN ASLI DAERAH (PAD) DI KABUPATEN KAMPAR', 10, 4, 4, 2016, 0.00, '-', ''),
('Un.04/L.I/TL.01/3536/2016', 'ANNA NURLITA, SE, M.Si', 'Pengaruh Perubahan Tick Price dan Lot Size Terhadap Likuiditas dan Kapitalisasi Pasar (Studi Empiris Pada Bursa Efek Indonesia)', 10, 4, 4, 2016, 0.00, '-', ''),
('Un.04/L.I/TL.01/3537/2016', 'Astuti Meflinda, SE, MM\r\nDra. Asmiwati, M.Ag', 'Pengaruh Agama dan Budaya terhadap Keinginan dan Perilaku Menjadi Entrepreneur Dikalangan Mahasiswa PTKI di Provinsi Riau', 9, 4, 4, 2016, 0.00, '-', ''),
('Un.04/L.I/TL.01/3538/2016', 'Dr. Elfiandri,M.Si\r\nFebri Rahmi, SE. M.Sc. Ak', 'MODEL KOMUNIKASI ORGANISASI, FUNGSI SOSIAL DAN EKONOMI PADA PONDOK PESANTREN DI KABUPATEN KAMPAR PROVINSI RIAU', 9, 6, 4, 2016, 0.00, '-', ''),
('Un.04/L.I/TL.01/3540/2016', 'Nurjanis, S.Ag, MA\r\nUsman, S.Sos, M.I.Kom\r\nAbas Wismoyo Hernawan, S.Kom.I', 'EFEK SIKAP DAN REAKSI MAD’U DALAM KOMUNIKASI DAKWAH DA’I (STUDY TERHADAP JAMA’AH IKMI KOTA PEKANBARU)', 9, 6, 4, 2016, 0.00, '-', ''),
('Un.04/L.I/TL.01/3541/2016', 'Sahwitri Triandani, SE, M.Si', 'ANALISIS HUBUNGAN LOCUS OF CONTROL TERHADAP KEMATANGAN KARIR PADA PESERTA PELATIHAN UNIT PELAKSANA TEKNIS LATIHAN KERJA (BLK) DISNAKERTRANSDUK PROVINSI RIAU DI PEKANBARU', 10, 4, 4, 2016, 0.00, '-', ''),
('Un.04/L.I/TL.01/3542/2016', 'VIRNA MUSELIZA, SE. MSI', 'ANALISIS PELAKSANAAN PENATAUSAHAAN ASET TETAP PADA BPKAD KOTA PEKANBARU', 10, 4, 4, 2016, 0.00, '-', ''),
('Un.04/L.I/TL.01/3543/2016', 'Ainun Mardiah, SE, MM', 'Analisis Perilaku Konsumtif Masyarakat Muslim Menjelang Idul Fitri di Kota Pekanbaru', 10, 4, 4, 2016, 0.00, '-', ''),
('Un.04/L.I/TL.01/3544/2016', 'Dicki Hartanto, MM', 'PENGEMBANGAN SUMBERDAYA MANUSIA DOSEN DAN ANALISIS FAKTOR-FAKTOR YANG MEMPENGARUHI DI FAKULTAS TARBIYAH DAN KEGURUAN UIN SULTAN SYARIF KASIM RIAU', 10, 1, 4, 2016, 0.00, '-', ''),
('Un.04/L.I/TL.01/3545/2016', 'Putriana. SE, MM', 'Analisis Customer Relationship Marketing pada Perusahaan Asuransi (Studi Perbandingan Antara Asuransi Syariah dan Non Syariah di Kota Pekanbaru', 10, 4, 4, 2016, 0.00, '-', ''),
('Un.04/L.I/TL.01/3548/2016', 'Yuliana Intan Lestari, S.Psi. M.A.', 'FEAR OF SUCCESS PADA PEREMPUAN BEKERJA DI PEKANBARU DITINJAU DARI KONFLIK PERAN GANDA DAN HARDINESS', 10, 3, 4, 2016, 0.00, '-', ''),
('Un.04/L.I/TL.01/3549/2016', 'Bambang Hermanto, MA', 'TINGKAT KEPUASAN NASABAH BANK SYARIAH MANDIRI PEKANBARU TERHADAP PRODUK PEMBIAYAAN MURABAHAH', 10, 5, 4, 2016, 0.00, '-', ''),
('Un.04/L.I/TL.01/3551/2016', 'Nilwan Andiraja,S.Pd.M.Sc. ,', 'EKSISTENSI DAN KESTABILAN KENDALI OPTIMAL NASH PERMAINAN DINAMIS NON-KOOPERATIF DENGAN FAKTOR DISKON WAKTU TAK BERHINGGA', 10, 7, 4, 2016, 0.00, '-', ''),
('Un.04/L.I/TL.01/3553/2016', 'Tarpin, M.Ag\r\nMuhammad Yasir, S.Th.I.,MA', 'STUDI KOMPARATIF MENGENAI PERSPEKTIF ISLAM DAN KRISTEN TERHADAP EMANSIPASI WANITA', 15, 2, 4, 2016, 0.00, '-', ''),
('Un.04/L.I/TL.01/3554/2016', 'Fitra Herlinda, M.Ag\r\nNurhayati Zein, S.Ag, M.Sy', 'PERAN LAKI-LAKI DAN PEREMPUAN DALAM KARIR MENURUT ADAT DALAM PERSPEKTIF ISLAM (Pergeseran Fungsi Laki-laki dan Perempuan di Kenegerian Kuok Kecamatan Kuok)', 15, 1, 4, 2016, 0.00, '-', ''),
('Un.04/L.I/TL.01/3556/2016', 'Irien Violinda Anggraini, SE, M.Si\r\nDiana Eravia, SE., M.Si', 'Pengaruh Penilaian Manfaat Sistem Informasi Dan Motivasi Growth Terhadap Kepuasan Kerja Anggota Legislatif Perempuan Dewan Perwakilan Rakyat Daerah Provinsi Riau 2014-2019', 15, 4, 4, 2016, 0.00, '-', ''),
('Un.04/L.I/TL.01/3557/2016', 'ANSHARI GUSWANDI', 'Pengaruh Visual Rnasum Pelet Burung Puyuh dengan Pemanfaatan Tepung Biji Karet (Havea Brasiliensis) Pada Lama Penyimpanan yang Berbeda', 11, 8, 4, 2016, 0.00, '-', ''),
('Un.04/L.I/TL.01/3558/2016', 'SUKMA JUWANDA', 'ANALISIS BAKTERI PADA DAGING AYAM BROILER YANG DIBERI AIR PERASAN JERUK NIPIS (Citrus Aurantifolia) DAN DISIMPAN PADA SUHU DINGIN', 11, 8, 4, 2016, 0.00, '-', ''),
('Un.04/L.I/TL.01/3559/2016', 'YULIA NINGSIH', 'PENGARUH TEMPERATUR DALAM PEMBUATAN KARBON AKTIF KULIT BUAH AREN (Arenga Pinnata Merr) DENGAN AKTIFATOR HNO3 SEBAGAI ADSORBEN PEMURNIAN MINYAK JELANTAH', 11, 4, 4, 2016, 0.00, '-', ''),
('Un.04/L.I/TL.01/3563/2016', 'PRASLITA DISHADEWI', 'Sintesis Dan Karakterisasi Karbon Aktif Dari Limbah Mahkota Nenas (Anenas comosus) Dengan Aktivator KOH', 11, 4, 4, 2016, 0.00, '-', ''),
('Un.04/L.I/TL.01/3564/2016', 'Keni Karunia', 'EVALUASI MANAJEMEN KEAMANAN TEKNOLOGI INFORMASI PADA PT.ASTRA INTERNATIONAL, TBK-DAIHATSU CABANG PEKANBARU MENGGUNAKAN THE RISK IT FRAMEWORK', 11, 7, 4, 2016, 0.00, '-', ''),
('Un.04/L.I/TL.01/3565/2016', 'Rosna Andelina BP', 'ANALISIS PEMANFAATAN WEB ORDER MENGGUNAKAN TECHNOLOGY ACCEPTANCE MANAGEMENT (TAM) (STUDI KASUS: PT METRO DRUGS INDO)', 11, 7, 4, 2016, 0.00, '-', ''),
('Un.04/L.I/TL.01/3566/2016', 'FIDEL CASTRO', 'Analisa Pengaruh Massa Sacchoromyces Cerevisiae dan Waktu Fermentasi Terhadap Kadar Etanol Dari Tetes Tebu', 11, 7, 4, 2016, 0.00, '-', ''),
('Un.04/L.I/TL.01/3568/2016', 'Dea Sherly', 'EVALUASI PENERAPAN SISTEM INFORMASI MANAJEMEN KEPEGAWAIAN (SIMPEG) MENGGUNAKAN METODE HOT-FIT MODEL (STUDI KASUS: DINAS PERINDUSTRIAN DAN PERDAGANGAN KOTA PEKANBARU)', 11, 7, 4, 2016, 0.00, '-', ''),
('Un.04/L.I/TL.01/3570/2016', 'Darto, S.Pd.I, M.Pd\r\nMelly Andriani, M.Pd', 'PENGEMBANGAN MODEL PEMBELAJARAN MATEMATIKA PROBLEM SOLVING TERINTEGRASI ILMU KEISLAMAN', 9, 1, 4, 2016, 0.00, '-', ''),
('Un.04/L.I/TL.01/3571/2016', 'Suci Yuniati, S.Pd, M.Pd\r\nArnida Sari, S. Pd, M. Mat', 'PENGEMBANGAN MODUL MATEMATIKA TERINTEGRASI NILAI-NILAI KEISLAMAN MELALUI PENDEKATAN REALISTIC MATHEMATICS EDUCATION (RME) DI PROPINSI RIAU', 9, 1, 4, 2016, 0.00, '-', ''),
('Un.04/L.I/TL.01/3572/2016', 'Jufrizel, ST, MT\r\nWeni Puji Hastuti, S. Sos., M.KP', 'MANFAAT PEMBUATAN PERANCANGAN KRAN WUDHU OTOMATIS BAGI KEMASLAHATAN UMAT ISLAM (STUDI KASUS DI MUSHALLAH AR-RAHMAN PANAM)', 9, 7, 4, 2016, 0.00, '-', ''),
('Un.04/L.I/TL.01/3573/2016', 'Arif Marsal, Lc, MA', 'PENGARUH SMARTPHONE TERHADAP POLA INTERAKSI SOSIAL PADA ANAK BALITA DILINGKUNGAN KELUARGA PEGAWAI UIN SULTAN SYARIF KASIM RIAU', 10, 7, 4, 2016, 0.00, '-', ''),
('Un.04/L.I/TL.01/3574/2016', 'Nurrahmi Hayani, SE, MBA', 'HUBUNGAN TINGKAT PEMAHAMAN AGAMA DENGAN PERILAKU KONSUMTIF (STUDI KASUS IBU RUMAHTANGGA DI KELURAHAN SIMPANG BARU KEC.TAMPAN PEKANBARU)', 10, 4, 4, 2016, 0.00, '-', ''),
('Un.04/L.I/TL.01/3575/2016', 'Ade Jamaruddin, M.Ag', 'METODOLOGI INTERPRETASI DAN QIRA’AT AL-QUR’AN DALAM MIRACLE THE REFERENCE (Study Analisis Metode Praktis Belajar dan Tafsir al-Qur’an dengan Touch Screen)', 10, 2, 4, 2016, 0.00, '-', ''),
('Un.04/L.I/TL.01/3577/2016', 'Lusiawati, SE, MBA', 'SOSIAL EKONOMI DAN FAKTOR DEMOGRAFI PEDAGANG PEREMPUAN DI PASAR TRADISIONAL PEKANBARU DAN KONSTRIBUSINYA TERHADAP PENDAPATAN KELUARGA', 10, 4, 4, 2016, 0.00, '-', '');
INSERT INTO `penelitian` (`no_sk`, `penulis`, `judul`, `id_cluster`, `id_fakultas`, `id_rak`, `tahun`, `pendanaan`, `sumber_dana`, `file`) VALUES
('Un.04/L.I/TL.01/3578/2016', 'Dewi Ananda Mucra, S.Pt, M.P\r\nDrh. Jully Handoko, M.KL', 'Perbandingan Tingkat Pengetahuan dan Keterampilan Mahasiswa Fakultas Pertanian Peternakan Melalui Program Praktek Kerja Lapang Pada Instansi Pemerintah dan Swasta', 16, 8, 4, 2016, 0.00, '-', ''),
('Un.04/L.I/TL.01/3579/2016', 'Nofirza, ST, M.Sc\r\nHarpito, ST., MT', 'Penerapan Metoda Pembelajaran Problem Base Learning Pada Bidang Ilmu Keteknikan (Engineering)', 16, 7, 4, 2016, 0.00, '-', ''),
('Un.04/L.I/TL.01/3581/2016', 'Dr. Wilaela, M.Ag\r\nAbd. Ghofur, M. Ag\r\nDr. Hasbullah, M. Si', 'PROSOPOGRAFI PEREMPUAN PENDIDIK DI RIAU', 9, 2, 4, 2016, 0.00, '-', ''),
('Un.04/L.I/TL.01/3583/2016', 'Mirawati, M.Ag\r\nDra. Hj. Ilmiyati, M.Ag', 'Pengaruh Gaya Kepemimpinan Kepala Sekolah dan Kompetensi Guru Terhadap Kinerja Guru di MtsN Bukit Batu dan Mts Nurul Hasanah Tenggayun Kecamatan Bukit Batu Kabupaten Bengkalis', 9, 1, 4, 2016, 0.00, '-', ''),
('Un.04/L.I/TL.01/3584/2016', 'Ratna Dewi, S.Sos. M.Si\r\nMeri Sandora, SE, MM', 'Analisis Strategi UIN Suska Riau Dalam Mempersiapkan Sarjana yang Siap Bersaing Menghadapi Masyarakat Ekonomi Asean (MEA)', 9, 4, 4, 2016, 0.00, '-', ''),
('Un.04/L.I/TL.01/3590/2016', 'Ismardi, M.Ag\r\nArisman, M.Sy', 'Peran dan Fungsi Imam Masjid Mewujudkan Masyarakat Agamis dalam Kehidupan Multikultural Perspektif Fikih di Provinsi Riau', 9, 5, 4, 2016, 0.00, '-', ''),
('Un.04/L.I/TL.01/3592/2016', 'Drs. H. Mohd. Yunus, M.Ag\r\nKamaruddin, M. Ag\r\nDra. Hj. Yusliati, MA\r\nZulfahmi, M. Ag', 'Lembaga Keuangan Syari\'ah di Negara Minoritas Muslim (Studi di Narathiwat Thailand Selatan )', 8, 5, 4, 2016, 0.00, '-', ''),
('Un.04/L.I/TL.01/3596/2016', 'Dr. Masud Zein, M.Pd.\r\nTrian Zulhadi, SE, M.Ec\r\nDrs. Hasbi Abduh, M. Ag\r\nMuhammad Faisal, M. Ag', 'EVALUASI DAMPAK KEMISKINAN TERHADAP EKSPLOITASI ANAK DI PULAU BATAM', 8, 1, 4, 2016, 0.00, '-', ''),
('Un.04/L.I/TL.01/3598/2016', 'Dr. Hj. Helmiati, M.Ag\r\nDra. Hj. Syafrida, M. Ag\r\nDepi Fitraini, S.Pd, M. Mat\r\nSusiba, M. Pd.I', 'PERGULATAN MINORITAS MUSLIM THAILAND Menelisik Peran Akademisi, Profesional & LSM dalam Upaya Mencari Solusi Konflik Berkepanjangan', 8, 1, 4, 2016, 0.00, '-', ''),
('Un.04/L.I/TL.01/3599/2016', 'Dr. Tohirin, M.Pd\r\nDr. Hj. Risnawati, M. Pd\r\nDr. Zubaidah Amir, M. Pd\r\nDicki Hartanto, MM\r\nSohiron, M. Pd. I\r\nRamon Muhandaz, M. Pd', 'Upaya Guru Matematika dan Bimbingan Konseling dalam Membina Karakter Peserta Didik Sekolah Menengah Pertama dan Sekolah Menengah Atas di Indonesia', 8, 1, 4, 2016, 0.00, '-', ''),
('Un.04/L.I/TL.01/3602/2016', 'Haris Riadi, S. Ag., M. Ag\r\nSukiyat, S. Ag., M .Ag', 'TRADISI BALIMAU KASAI DALAM MASYARAKAT KAMPAR-RIAU PERSPEKTIF HUKUM ISLAM', 8, 2, 4, 2016, 0.00, '-', ''),
('Un.04/L.I/TL.01/3603/2016', 'Drs. Ali Akbar, MIS\r\nDr. H. Hidayatullah Ismail, Lc., MA\r\nMuslim, S. Ag, SH. M. Hum', 'STUDI TENTANG METODE PEMBELAJARAN KITAB KUNING PADA PONDOK PESANTREN DAARUN NAHDHAH KABUPATEN KAMPAR', 8, 2, 4, 2016, 0.00, '-', ''),
('Un.04/L.I/TL.01/3605/2016', 'Dr. Mahyarni, SE, MM\r\nHarkaneri, SE, MSA, Ak\r\nIdentiti, SE, M. Ak', 'PERKEMBANGAN MUSLIM PRENEURSHIP MASYARAKAT PROVINSI RIAU DAN SUMATERA BARAT DALAM ERA MASYARAKAT EKONOMI ASEAN (MEA)', 8, 4, 4, 2016, 0.00, '-', ''),
('Un.04/L.I/TL.01/3606/2016', 'Liliana, ST, M,Eng\r\nSusi Afriani, S.T., M.T\r\nAnwardi, S.T., M.T', 'Pengoptimalan Rancangan Sistem Proteksi Eksternal pada Gedung Pusat Komputer UIN Suska Riau', 8, 7, 4, 2016, 0.00, '-', ''),
('Un.04/L.I/TL.01/3607/2016', 'Fitri Wulandari, S.Si, M.Kom\r\nFebi Nursalisah, M. Kom\r\nAulia Ullah, ST, M. Eng', 'PENGEMBANGAN MODEL PENANGGULANGAN KEMISKINAN BERBASIS WILAYAH MENGGUNAKAN SIMILIRITAS SIMPLE MATCHING COEFFICIENT DAN FUZZY CLUSTERING', 8, 7, 4, 2016, 0.00, '-', ''),
('Un.04/L.I/TL.01/3608/2016', 'Mawardi, S.Ag, MSi\r\nDarmawan Tia Indrajaya, M. Ag\r\nAde Fariz Fakhrullah, M. Ag', 'transaksi istishna\' dan implementasinya pada usaha tenunan kain songket melayu riau riau (studi kasus pada umkm tenunan songket propinsi riau', 8, 5, 4, 2016, 0.00, '-', ''),
('Un.04/L.I/TL.01/3609/2016', 'Miftahuddin, M.Ag\r\nDrs. H. Suhaimi, M. Ag\r\nM. Fahli Zatrahadi', 'PEMANFAATAN TERAPI SPIRITUAL EMOTIONAL FREEDOM TECHNIQUE UNTUK MENGATASI GANGGUAN JIWA DI PESANTREN AL-FATEH NONGSA BATAM KEPULAUAN RIAU', 8, 6, 4, 2016, 0.00, '-', ''),
('Un.04/L.I/TL.01/3610/2016', 'Dr. Sri Murhayati, M.Ag\r\nMahdar Ernita, S. Pd., M. Ed.\r\nLies Andriani, S. Pd., M. Mat.\r\nAde Irma, M. Pd.', 'Optimalisasi Pendidikan Islam Terpadu (Penerapan Pembelajaran Berbasis High Tech, High Touch dan High Theos di Sekolah Menegah Atas Islam Terpadu Kota Pekanbaru)', 8, 1, 4, 2016, 0.00, '-', ''),
('Un.04/L.I/TL.01/3611/2016', 'Dr. Salmaini Yeli, MA\r\nDr. Hartono, M. Pd\r\nDr. Zuriatul Khairi, M. Ag', 'EFEKTIFITAS PENGUATAN PERSEPSI DAN IMAJI TERHADAP KEMAMPUAN MEMBACA ANAK TUNA GRAHITA (Studi terhadap Siswa Sekolah Luar Biasa (SLB) di Pekanbaru)', 8, 2, 4, 2016, 0.00, '-', ''),
('Un.04/L.I/TL.01/3613/2016', 'Nelly Yusra, M.Ag\r\nDrs. Muhammad Fitriyadi, M. Ag\r\nNurhayati, S. Ag. M.Hum\r\nNur Aisyah Zulkifli, M. Pd', 'Pengembangan dan Penguatan Keterampilan Generik Calon Guru untuk Meningkatkan Daya Saing Berbasis Multiple Intellegences Theory', 8, 1, 4, 2016, 0.00, '-', ''),
('Un.04/L.I/TL.01/3614/2016', 'Dra. Riswani, M.Ed\r\nRita Susanti, S. Psi. MA\r\nNurhasanah Bakhtiar, M. Ag', '“KEJENUHAN KERJA GURU BIMBINGAN DAN KONSELING DI SMUN PROVINSI RIAU”', 8, 1, 4, 2016, 0.00, '-', ''),
('Un.04/L.I/TL.01/3616/2016', 'Mohammad Abdi Almaktsur, M.A\r\nDr. Khairil Anwar, M.A\r\nDr. Azni, M.A\r\nMardiana, M.A', 'PERAN UNIVERSITAS ISLAM NEGERI SULTAN SYARIF KASIM RIAU DALAM PEMBANGUNAN MASYARAKAT DI PROVINSI RIAU', 13, 5, 4, 2016, 0.00, '-', ''),
('Un.04/L.I/TL.01/3618/2018', 'Sudianto,S Sos. M.I.Kom\r\nDra. Atjih Sukaesih, M.Si\r\nAfrinaldy Rustam, S.IP.,M.Si', 'PERAN WAKIL RAKYAT TERHADAP PROSES LEGISLASI PERATURAN DAERAH (KAJIAN TENTANG EFISIENSI, EFEKTIFITAS, STABILITAS, KESETARAAN DAN AKUNTABILITAS STUDI BANDING DPRD PROVINSI RIAU DAN PROVINSI KEPULAUAN RIAU)', 2, 6, 5, 2018, 0.00, '-', ''),
('Un.04/L.I/TL.01/3620/2016', 'Edi Erwan, S.Pt, MP, Ph.D\r\ndrh. Rahmi, S. Pt, M. Sc.\r\nEvi Irawati, S. Pt, M.P.\r\nDeni Fitra, S. Pt, M.P.', 'Pemanfaatan kulit buah semangka untuk mengatasi masalah heat stress pada ayam broiler', 8, 8, 4, 2016, 0.00, '-', ''),
('Un.04/L.I/TL.01/3627/2016', 'Prof. Raihani, S.Ag, M.Ed, Ph.D\r\nDiana Elfida, S. Psi., M. Si\r\nNunu Mahnun, M. Pd', 'RESPON PSIKOLOGIS SISWA TERHADAP KERAGAMAN DI KEPULAUAN RIAU', 12, 1, 4, 2016, 0.00, '-', ''),
('Un.04/L.I/TL.01/3628/2016', 'Prof. Dr. H. M. Nazir\r\nImam Hanafi, MA', 'Implementasi Riset Berbasis Intergrasi Studi di UIN Malang dan UIN Suska Riau', 12, 1, 4, 2016, 0.00, '-', ''),
('Un.04/L.I/TL.01/3629/2016', 'Prof. Dr. H. Salfen Hasri, M.Pd\r\nDedu Wahyudi, M. Pd', 'PENINGKATAN LAYANAN PENDIDIKAN DASAR ANAK-ANAK INDONESIA DI KOTA KINABALU SABAH MALAYSIA', 12, 1, 4, 2016, 0.00, '-', ''),
('Un.04/L.I/TL.01/3631/2016', 'Prof. Dr. Asmal May, MA\r\nDrs. H. M. Hatta, M. Ag', 'JEJAK TASAWUF DALAM TRADISI BADIKIA MULUIK DI SUMATERA BARAT', 12, 1, 4, 2016, 0.00, '-', ''),
('Un.04/L.I/TL.01/3632/2016', 'Prof. Dr. M.Arrafie Abduh, M.Ag\r\nAdynata, M. Ag', 'Terapi Tashawuf Yasfin Pecandu Narkoba di Indonesia (Metode Ruqyah Syar\'iyyah)', 12, 2, 4, 2016, 0.00, '-', ''),
('Un.04/L.I/TL.01/3634/2016', 'Prof. Dr. Akhmad Mujahidin, M.Ag', 'PERANAN KEARIFAN LOKAL DALAM PENGEMBANGAN EKONOMI DAN PERBANKAN SYARIAH DI INDONESIA', 12, 5, 4, 2016, 0.00, '-', ''),
('Un.04/L.I/TL.01/3636/2016', 'Prof. Dr. Zikri Darussamin, M.Ag', 'Penyelesaian Harta Bersama Pasca Perceraian bagi Istri yang Bekerja Pada Masyarakat Melayu-Riau', 12, 2, 4, 2016, 0.00, '-', ''),
('Un.04/L.I/TL.01/3637/2016', 'Prof. Dr. H. Alaiddin, MA\r\nWali Saputra, SE, MA\r\nSurya Elhadi, ST', 'Peran Lembaga Nirlaba Islam dalam Penanggulangan Kemiskinan dan Pemberdayaan Masyarakat Indonesia (Studi Pada Dompet Dhuafa dan Rumah Zakat Indonesia)', 12, 5, 4, 2017, 0.00, '-', ''),
('Un.04/L.I/TL.01/3650/2016', 'ZUFRIDIN', 'Analisis Perankingan dan Pengelompokan Penerima Dana Bantuan Pendidikan Menggunakan Metode Topsis dan K-Means di Pondok Pesantren Dar El Hikmah Pekanbaru', 11, 7, 4, 2016, 0.00, '-', ''),
('Un.04/L.I/TL.01/3842/2016', 'Dr. Teddy Purnamirza, ST, M.Eng\r\nDepriwana Rahmi, S. Pd, M. Sc', 'Perancangan Antena RLSA Pancaran Ganda Untuk Komunikasi Wi-Fi', 9, 7, 4, 2016, 0.00, '-', ''),
('Un.04/L.I/TL.01/3950/2016', 'M. Ihsan, M.Ag', 'Akulturasi agama dan budaya kaum imigran dengan penduduk lokal di pekanbaru', 10, 5, 4, 2016, 0.00, 'DIPA BLU UIN SUSKA RIAU TAHUN 2016', ''),
('Un.04/L.I/TL.01/4065/2016', 'H. Zailani, M.Ag\r\nDrs. Kaizal Bay, M.Si', 'MAKAN DAN MINUM PERSPEKTIF HADIS RASUL (Integrasi Hadis Dengan Ilmu Kesehatan)', 9, 2, 4, 2016, 0.00, 'DIPA UIN SUSKA RIAU TAHUN 2016', ''),
('Un.04/L.I/TL.01/458/2016', 'Fatimah Depi Susanty Harahap, S.Pd.I, MA (KETUA) \r\nCUT RAUDHATUL MISKI (ANGGOTA)', 'Pengembangan Instrumen Tes Objektif Bentuk Pilihan Ganda Berbasis Webquest pada Mata Pelajaran Bahasa Arab di Pesantren Teknologi Riau', 9, 1, 4, 2016, 0.00, '-', ''),
('Un.04/L.I/TL.01/50/2015', 'Gusma Afriani, S. Ag., M.Ag', 'PENGEMBANGAN DIRI MAHASISWA SEKITAR MASJID DALAM PEMANFAATAN MASJID SEBAGAI MEDIA PENDIDIKAN (Studi Kasus pada Masjid Darul Amal Kecamatan Tampan Kota Pekanbaru)', 7, 1, 4, 2015, 0.00, '-', ''),
('Un.04/L.I/TL.01/54/2015', 'EMILIA SUSANTI, S.Pd, M.Pd', 'Nyanyian Baganduh Masyarakat Siak Hulu Kabupaten Kampar dan Implementasinya Pada Pembelajaran IPS SD', 7, 1, 4, 2015, 0.00, '-', ''),
('Un.04/L.I/TL.01/541.0/2014', 'Tuti Aznya Kumala/11153201780', 'Analisis Pengukur Resiko Data Center pada Pusat Teknologi Informasi dan Pangkalan Data UIN Suska Riau', 11, 6, 3, 2014, 6750000.00, '-', ''),
('Un.04/L.I/TL.01/541.7/2014', 'Jamilah/ 11113202320', 'Kerjasama Guru Pembimbing dan Wali Kelas dalam Penanggulangan Prilaku Negatif Akresifitas Ssiwa di SMP Negeri 20 Pekanbaru', 11, 1, 3, 2014, 6750000.00, '-', ''),
('Un.04/L.I/TL.01/541.e/2014', 'Nanda Rezky Syafutri/ 11113200880', 'Strategi Guru dalam Mengatasi Kejenuhan Belajar Full Day Siswa di SMK Farmasi Ikasari Pekanbaru', 11, 8, 3, 2014, 6750000.00, '-', ''),
('Un.04/L.I/TL.01/541.k/2014', 'Faisal/ 11113102371', 'Pelayanan Prima Tenaga Administrasi Sekolah dalam Menciptakan Budaya Menyenangkan di SMA N 12 Pekanbaru', 11, 1, 3, 2014, 6750000.00, '-', ''),
('Un.04/L.I/TL.01/541.l/2014', 'Syamsul Bahri/ 11181102249', 'Kombinasi Tepung Kunyit dan Bawang Putih dengan Probiotik sebagai Imbuhan pakan terhadap Perporma Ayam Broiler', 11, 8, 3, 2014, 6750000.00, '-', ''),
('Un.04/L.I/TL.01/541.r/2014', 'Andri Hidayat/ 11181103952', 'Produksi Karkas dan Lemak Abdominal Ayam Pedaging yang Mendapat Imbuhan Pakan Asal Herbal dan Probiotik', 11, 8, 3, 2014, 6750000.00, '-', ''),
('Un.04/L.I/TL.01/542.f/2014', 'Refda Deliza/11117200691', 'Penerapan Model Learning Cycle 6E Untuk Meningkatkan Hasil Belajar Siswa Pada Pokok Bahasan Koloid Di Kelas XI SMK Taruna Mandiri Pekanbaru.', 11, 1, 3, 2014, 6750000.00, '-', ''),
('Un.04/L.I/TL.01/542.g/2014', 'Nadia Utami/ 11113202280', 'Upaya Guru Pembimbing dalam Meningkatan Kerativitas Belajar Siswa di MAN 2 Model Pekanbaru', 11, 1, 3, 2014, 6750000.00, '-', ''),
('Un.04/L.I/TL.01/542.h/2014', 'Hasni Salimah/11113200407', 'Upaya Guru Pembimbingan dalam meningkatkan Motivasi Belajar Siswa Underachiver di Madrasah Aliyah Negeri 1 Pekanbaru', 11, 1, 3, 2014, 6750000.00, '-', ''),
('Un.04/L.I/TL.01/542.i/2014', 'Rafita/ 11113203540', 'Upaya Guru Pembimbingan dalam meningkatkan Self Afficacy Siswa yang Mengalami Prokrastinasi di SMA N 10 Pekanbaru', 11, 1, 3, 2014, 6750000.00, '-', ''),
('Un.04/L.I/TL.01/74/2013', 'Afrinaldy Rustam, M.Si', 'Pengaruh Motivasi Kedisiplinan dan Kepemimpinan Terhadap Prestasi Kerja Petugas Kebersihan', 7, 1, 4, 2015, 0.00, 'DIPA (RMP) UIN SUSKA RIAU TAHUN 2015', ''),
('Un.04/L.I/TL.01/75/2015', 'Devi Deswimar, S.Sos, M.Si', 'PENGARUH KOORDINASI VERTIKAL DAN HORIZONTAL TERHADAP EFEKTIFITAS KERJA PEGAWAI UIN SUSKA RIAU', 7, 4, 4, 2015, 0.00, '-', ''),
('Un.04/L.I/TL.01/86/2015', 'Hariza Hasyim, SE, M.Si', 'ANALISIS PENGARUH KONDISI MAKRO EKONOMI TERHADAP PERUBAHAN NILAI TUKAR RUPIAH SELAMA KRISIS GLOBAL 2006-2014', 7, 4, 4, 2015, 0.00, '-', ''),
('Un.04/L.I/TL.01/PP.06/2444/201', 'Vera Devani ST., M.Sc\r\nRahmadeni, M.Si', 'penguatan ekonomi masyarakat melalui aplikasi fuzzy linear programming untuk pembuatan pakan ikan buatan di kabupatn kampar', 7, 7, 5, 2017, 0.00, '-', ''),
('Un.04/L.I/TL.03/341.p/2014', 'Zuriati/ 11125200437', 'Pelaksanaan Jual Beli Sawit di Desa Dusun Tua Kecamatan pangkalan Lesung.', 11, 5, 3, 2014, 6750000.00, '-', ''),
('Un.04/L.I/TL.03/538.a/2014', 'Prof. Dr. H. Amir Lutfi / 1945121181971021001 / Guru Besar IV/e Pembina Utama/ 2018124501\r\nFebri Delmi Yetti, S.EI, MA\r\nWali Saputra, SE, Ak, MA\r\nHabibi Lukman Setiawan\r\nFeri Hidayat\"', 'Moslem Struggle In Coopling With European Living Society', 19, 5, 3, 2014, 300000000.00, '-', ''),
('Un.04/L.I/TL.03/539.3/2014', 'Indra Joni/ 11181103547', 'Pengaruh Larutan Gelatin Tulang Kaki ayam dalam Pengawetan Telur Puyuh', 11, 8, 3, 2014, 6750000.00, '-', ''),
('Un.04/L.I/TL.03/540.f/2014', 'Wiwin Setiawan/ 11152101883\r\nWiko Juliando/ 11052102265', 'Analisis Kesehatan dan Keselamatan Kerja dengan Membuat Peta Kontur Kebisingan di PT. Universal Respati Turbinne Engnering', 11, 7, 3, 2014, 6750000.00, '-', ''),
('Un.04/L.I/TL.03/541.1/2014', 'Intan Lestari/ 11153200376', 'Analisis dan Perancangan Vioce Over Internet Protokol (VoIP) Menggunakan Teknologi Open Suurce pada Pusat Teknologi Informasi dan Pangkalan Data UIN Suska Riau', 11, 7, 3, 2014, 6750000.00, '-', ''),
('Un.04/L.I/TL.03/541.n/2014', 'Aswira Faiza/ 1118110588', 'Hubungan Antara Praktek Biosekuriti dengan Kajian Avian Influenza pada Peternakan Ayam Pedaging di Sektor 3 di Kabupaten Kampar Selama satu Siklus Pemiliharaan', 11, 8, 3, 2014, 6750000.00, '-', ''),
('Un.04/L.I/TL.03/541.s/2014', 'Fitria/11142202854', 'Pemanfaatan Teknologi Konseling Neuro Linguistic Programming dalam Mengatasi Kesulitan Belajar Siswa Sekolah Dasar', 11, 6, 3, 2014, 6750000.00, '-', ''),
('Un.04/L.I/TL.03/541.t/2014', 'Isa Mariana/ 11142203788', 'Pemamfaaatan Inventori Tugas Prekembangan Siswa dalam Pemberian Layanan Bimbingan dan Konseling', 11, 6, 3, 2014, 6750000.00, '-', ''),
('Un.04/L.I/TL.03/541.v/2014', '1. Amar Suhadi/ 11231104840\r\n2. Rufika Sari/ 11032201485', 'Misogynist di dalam Hadis (Telaah Hadis Sunan Nasa\'i dab Ibnu Majah, Perempuan Sumber Fitnah Paling Berbahaya)', 11, 2, 3, 2014, 0.00, '-', ''),
('Un.04/L.I/TL.03/542.l/2014', '1. Syarifah Aini Nainggolan/11217201318 \r\n2. Chairun Nisa RZ/ 11017202752', 'Analisis Uji Kualitas kadar Air pada Hasil Pemurnian Minyak Goreng Bekas yang Menggunakan Adsorben Karbon Aktif Ampas Kelapa', 11, 1, 3, 2014, 6750000.00, '-', ''),
('Un.04/L.I/TL.04/49/2015', 'Dra. Hj. Alfiah, M.Ag, ', 'Implementasi Konsep dan Kurikulum Madrasah Aliyah Negeri Model di Riau (study terhadap penerapan kurikulum di MAN 2 Model Pekanbaru)', 7, 1, 4, 2015, 0.00, 'DIPA UIN SUSKA RIAU TAHUN 2015', ''),
('Un.04/L.I/TL.06/3381/2016', 'Rahmad, M.Pd\r\nDarusman, M.Ag', 'PENDEKATAN THERAPEUTIC COMMUNITY DALAM MENGOBATI RESIDEN PENYALAHGUNA NARKOTIKA DI BALAI BESAR REHABILITASI BADAN NARKOTIKA NASIONAL LIDO BOGOR', 9, 6, 4, 2016, 0.00, 'DIPA UIN SUSKA RIAU TAHUN 2016', ''),
('Un.04/L.ITL.01/2261/2018', 'Idria Maita, S.Kom, M.Sc\r\nWirdah Anugrah, S.Kom., M.Kom', 'RANCANG BANGUN APLIKASI LAYANAN KONSULTASI PENASEHAT AKADEMIK (PA) ONLINE BERBASIS ANDROID  (STUDI KASUS: UIN SUSKA RIAU)', 2, 7, 5, 2018, 0.00, '-', ''),
('Un.04/L.T/TL.01/134/2015', 'Arwan, M.Ag, Drs.', 'Efektivitas Komunikasi Personal Dalam Mewujudkan Keharmonisan Pasangan Suami Istri di Masyarakat Nelayan Meskom Bengkalis', 7, 6, 4, 2015, 0.00, '-', '');

-- --------------------------------------------------------

--
-- Struktur dari tabel `pengabdian`
--

CREATE TABLE `pengabdian` (
  `no_sk` varchar(30) NOT NULL,
  `penulis` text NOT NULL,
  `judul` varchar(255) NOT NULL,
  `id_cluster` int(11) NOT NULL,
  `id_fakultas` int(11) NOT NULL,
  `id_rak` int(11) NOT NULL,
  `tahun` year(4) NOT NULL,
  `pendanaan` double(10,2) NOT NULL,
  `sumber_dana` varchar(255) NOT NULL,
  `file` text NOT NULL
) ENGINE=InnoDB DEFAULT CHARSET=latin1;

--
-- Dumping data untuk tabel `pengabdian`
--

INSERT INTO `pengabdian` (`no_sk`, `penulis`, `judul`, `id_cluster`, `id_fakultas`, `id_rak`, `tahun`, `pendanaan`, `sumber_dana`, `file`) VALUES
('Un.04/   /   /   /2018', 'FATIMAH DEPI SUSANTY HARAHAP, S.Pd.I.,MA.', 'PENGEMBANGAN KOMPETENSI GURU BAHASA ARAB DALAM MEMBUAT KISI-KISI DAN KARTU SOAL MELALUI PELATIHAN DAN KARTU SOAL MELALUI PELATIHAN DAN PENDAMPINGAN DI MTs KOTA PEKANBARU', 26, 1, 5, 2018, 0.00, '-', ''),
('Un.04/  /  /  /2018', 'EKA FITRIYANI, M. Psi., INDAH DAMAYANTI, M.Psi., Psikolog', 'PELATIHAN PRANIKAH BERBASIS PENGETAHUAN DAN KETERAMPILAN (COGNITIVE AND BEHAVIOR BASED) BAGI PASANGAN YANG AKAN MENIKAH (INTEGRASI PSIKOLOGI DAN ISLAM)', 26, 3, 5, 2018, 10000000.00, '-', ''),
('Un.04/ / / /2018', 'Dr. KHAIRUNNAS JAMAL, MA., H. SYAFRIL SIREGAR, MA.', 'PENGAJARAN AL-QUR\'AN BAGI PARA MUALLAF DI KECAMATAN RUMBAI', 26, 9, 5, 2018, 0.00, '-', ''),
('Un.04/-/-/-/2018', 'Drs. EDI YUSRIANTO, M. Pd.', 'PEMANTAPAN PEMAHAMAN BERIBADAH MELALUI PRAKTIKU FIQIH IBADAH BAGI WARGA PERUMAHAN CENDERAWASIH DAN GARUDA PERMAI KECAMATAN TAMPAN PEKANBARU', 26, 1, 5, 2018, 0.00, '-', ''),
('Un.04//-/-/2014', 'Drs. ZAMHARIL YAHYA, MM.,\r\nSUTOYO, ST.MT', 'PENINGKATAN KUALITAS SUMBER DAYA MANUSIA GURU TERHADAP PEMAKAHAMAN PEMBELAJARAN ARAB MELAYU BERBASIS IT DI DESA BATU BERSURAT', 37, 9, 1, 2014, 0.00, '-', ''),
('Un.04////2017', 'IRDAYANTI, S.IP, M.A.', 'PENDAMPINGAN SISTEM MANAJEMEN DAN ADMINISTRASI PENDATAAN PENDUDUK MELALUI APLIKASI BERBASIS IT (INFORMASI TEKNOLOGI ) DI KECAMATAN RUMBAI PESISIR KOTA PEKANBARU', 37, 4, 4, 2017, 0.00, '-', ''),
('Un.04////2018', 'THERESIA LIDYA NOVA, M.Pd.', 'WORKSHOP PENGEMBANGAN ALAT PERAGA PEMBELAJARAN SEBAGAI UPAYA PENINGKATAN PROFESSIONALISME GURU DAN MENGATASI MINIMNYA FASILITAS LABORATORIUM DI SEKOLAH UNTUK MENUNJANG PELAKSANAAN KURIKULUM 2013', 26, 1, 5, 2018, 0.00, '-', ''),
('Un.04/L.I/   /   /2017', 'Dr. ZARKASIH, M.Ag.', 'INSERVICE TRAINING PENULISAN KARYA ILMIAH BAGI GURU SMP/ MTs DI KABUPATEN PELALAWAN', 37, 9, 4, 2017, 0.00, '-', ''),
('Un.04/L.I/----/----/2014', 'Drs. DARUSMAN, M.AG.,\r\nINTAN KEMALA, M.Si.,\r\nYURNALIS, MA.', 'PENYULUHAN SOSIAL AKADEMISI DALAM UPAYA PERLINDUNGAN ANAK DAN MENGATASI KENAKALAN REMAJA DI KABUPATEN ROHUL', 37, 9, 1, 2014, 0.00, '-', ''),
('Un.04/L.I/-/-/2014', 'Drs. H. ARBI YASIN, M.Si', 'PELATIHAN KETERAMPILAN DASAR MENGAJAR BAGI GURU-GURU AGAMA SEKOLAH DASAR/MADRASAH IBTIDAIYYAH DAN SEKOLAH MENENGAH PERTAMA/MADRASAH TSANAWIYAH DI KECAMATAN BUNGARAYA KABUPATEN SIAK RIAU', 37, 1, 1, 2014, 0.00, '-', ''),
('Un.04/L.I/-/-/2016', 'TASRIANI, S.Ag.,\r\nANDI IRFAN SE, M.Sc, Ak, CA.', 'UPAYA MEWUJUDKAN EKONOMI KERAKYATAN SI WARGA BINAAN LAPAS KELAS II PEKANBARU DENGAN MEANFAATKAN BAHAN BEKAS MELALUI TANAMAN HIDROPONIK', 37, 9, 3, 2016, 0.00, '-', ''),
('Un.04/L.I/-/-/2017', 'INTAN PERMATASARI, S.P.,M.P.', 'KEMANDIRIAN MASYARAKAT MELALUI IPTEK DALAM PEMBUATAN SIMPLISIA SEBAGAI RAMUAN HERBAL UNTUK MENGATASI PENYAKIT DEGENERATIF DI DESA BINA BARU KABUPATEN KAMPAR', 26, 8, 4, 2017, 0.00, '-', ''),
('Un.04/L.I//----/2014', 'Petir Papilo, ST. M.Sc, \r\nSuherman, ST.MT', 'PROGRAM DESA MANDIRI ENERGI BRIKET BERBAHAN BAKU LIMBAH PELEPAH KELAPA SAWIT', 37, 9, 1, 2014, 0.00, '-', ''),
('Un.04/L.I////2014', 'H. MHD. KASTULANI, SH.MH.,', 'PELATIHAN PENGOLAHAN IKAN MENJADI MAKANAN VARIATIF DAN PRODUKTIF DI DESA SAWAH KEC. KAMPAR UTARA', 37, 9, 1, 2014, 0.00, '-', ''),
('Un.04/L.I///2014', 'Ir. Hj. Elfawati, M.Si.', 'INTENSIFIKASI USAHA PETERNAKAN ITIK DALAM RANGKA PENINGKATAN RUMAH TANGGA MASYARAKAT DESA SEBERANG TALUK KEC. KUANTAN TENGAH', 37, 8, 1, 2014, 0.00, '-', ''),
('Un.04/L.I///2016', 'SRI WAHYUNI, M.A., M.Psi., Psikolog', 'PENERAPAN MENTAL KOGNITIF ISLAM DAN PSIKOSOSIAL ISLAM DALAM MENCEGAH PERILAKU LGBT PADA REMAJA MUSLIM PEKANBARU', 37, 3, 3, 2016, 0.00, '-', ''),
('Un.04/L.I///2017', 'Drs. H. MUDASIR, MPd.\r\nNUNU MAHNUN, M.Pd.', 'KADERISASI PENYELENGGARAAN JENAZAH DI DESA TERPELOSOK DI KECAMATAN RENGAT BARAT KABUPATEN INDRAGIRI HULU', 26, 9, 4, 2017, 0.00, '-', ''),
('Un.04/L.I/II.01/----/2018', 'Prof. RAIHANI, M.Ed., Ph.D., NUNU MAHNUN, M.Pd.', 'PELATIHAN PENULISAN KARYA ILMIAH DOSEN BERMUATAN INTEGRASI DI STAI AULIYAURRASYIDIN', 26, 1, 5, 2018, 0.00, '-', ''),
('Un.04/L.I/PP.00.9/2380/2017', 'Dra. Hj. MAINIZAR, N. M.Ag.,\r\nHj. NELVAWITA, S.Ag.MA.', 'PELATIHAN KETERAMPILAN MENJAHIT HIJAB SYARII BAGI WANITA MUSLIMAH DIDESA TANJUNG BERULAK KECAMATAN KAMPAR', 33, 1, 4, 2017, 0.00, '-', ''),
('Un.04/L.I/PP.00.9/2450/2017', 'Hj. MARDIA HAYATI, M.Ag., NURRAHMI HAYANI, SE., MBA.', 'PELATIHAN DESAIN DAN PENERAPAN STRATEGI PAIKEM (PEMBELAJARAN AKTIF, INOVATIF, KREATIF, EFEKTIF, DAN MENYENANGKAN) BAGI GURU MADRASAH DI KEC. RUPAI KABUPATEN BENGKALIS', 26, 1, 4, 2017, 0.00, '-', ''),
('Un.04/L.I/PP.00.9/2459/2017', 'Dr. Sri Murhayati, M.Ag.,\r\nLIES ANDRIYANI,S.Pd. M. MAT.', 'Penguatan Proses dan Penilaian Pembelajaran Berbasis SaintifikOtentik Bagi Guru Madrasah Kec Rupat Utara Kab. Bengkalis Provinsi Riau', 26, 1, 4, 2017, 0.00, '-', ''),
('Un.04/L.I/PP.01/1998/2018', 'ARIF MARSAL Lc, MA.,\r\nNANDA PUTRI MIEFTHAWATI, M.Sc.', 'PENYULUHAN SANITASI DAN PERILAKU PERSONAL HYGIENE SANTRI PONDOK PESANTREN DAARUN NAHDHA (Ppdn) THAWALIB BANGKINANG', 26, 7, 5, 2018, 0.00, '-', ''),
('Un.04/L.I/PP.01/2041/2018', 'Dr. DEDI IRAWAN, M.Sc.,\r\nMARHAMA JELITA., S.Pd., M.Sc.', 'PEMBERDAYAAN MASYARAKAT BERBASIS PENELITIAN DALAM MENDESAIN ERGONOMI PEMBUATAN BIOETANOL DARI TANAMAN NIPAH (STUDI KASUS KECAMATAN ENOK KABUPATEN INDRAGIRI HILIR)', 26, 7, 5, 2018, 0.00, '-', ''),
('Un.04/L.I/PP.01/2340/2018', 'Dra. ATJIH SUKAESIH, M.Si., INTAN KEMALA, M.Si., YURNALIS, MA', 'SOSIALISASI PENCEGAHAN DAN PENANGGULANGAN BAHAYA NARKOBA MEMALALUI KONSELING KELUARGA DI DESA BALUNG KABUPATEN KAMPAR', 26, 6, 5, 2018, 0.00, '-', ''),
('Un.04/L.I/PP.01/2433/2017', 'RICCA ANGGREINI MUNTHE, S.Psi., M.A.,\r\nINDAH PUJI RATNANANI, S.Psi,. M.A.', 'PENGEMBANGAN PENDEKATAN KONTRUKTIVISME (CONSTRUCTIVE APPROACH) DAN IDENTIFIKASI ANAK BERKEBUTUHAN KHUSUS BAGI GURU PAUD DI KECAMATAN BANGKINANG KOTA', 29, 3, 4, 2017, 0.00, '-', ''),
('Un.04/L.I/PP.01/3646.a/2016', 'ANOFRIZEN, M.Kom,.\r\nAPRIJON, S.Si, M.Ed', 'APLIKASI STUDENTS TEAM-ACHIEVEMENT DIVISION (STAD) STUDI KASUS: SMPN 03 BANGKINANG SEBERANG, KAMPAR', 25, 7, 3, 2016, 0.00, '-', ''),
('Un.04/L.I/PP.06/   /2017', 'SRI WAHYUNI, M.A.,M.Psi., Dr. KHAIRIL ANWAR, M.A.', 'PSIKOEDUKASI KESEHATAN REPRODUKSI UNTUK MENCEGAH PERILAKU SEKSUAL PRANIKAH PADA REMAJA', 26, 3, 4, 2017, 0.00, '-', ''),
('Un.04/L.I/PP.06/ /2018', 'Dr. ARSYADI ALI, S.Pt., M.Agr.Sc., RESTU MISRIANTI, S.Pt., M.Si.', 'PENGOLAHAN JERAMI JAGUNG MENJADI WAFER SEBAGAI PAKAN TERNAK SAPI UNTUK PENGUATAN EKONOMI PETERNAKAN PEREMPUAN DESA UJUNG TANJUNG KECAMATAN BANAI KABUPATEN KUATAN SINGINGI', 26, 8, 5, 2018, 0.00, '-', ''),
('Un.04/L.I/PP.06/----/2014', 'Drs. ABU BAKAR, M.Pd.,\r\nSADARMAN, S.PT., M.Sc', 'UPAYA PENGEMBANGAN AYAM KAMPUNG MELALUI PENERAPAN PROGRAM VAKSINASI ND DENGAN MEMBERDAYAKAN REMAJA MASJID SEBAGAI VAKSINATOR DI KECAMATAN RANGSANG PESISIR KABUPATEN MERANTI', 37, 2, 1, 2014, 0.00, '-', ''),
('Un.04/L.I/PP.06/----/2016', 'Drs. GINDA, M.Ag.,\r\nSUDIANTO, S.Sos. M.Ikom.', 'SOSIALISASI DAN PEMBENTUKAN KOPERASI MAJELIS TAKLIM ', 37, 6, 3, 2016, 0.00, '-', ''),
('Un.04/L.I/PP.06/----/2017', 'Drs. MOHD. YUNUS, M.A.\r\nDr. ABU SAMAH, MH.', 'IMPLEMENTASI KEAARIFAN MASYARAKAT ADAT DALAM MELESTARIKAN HUTAN LINDUNG DI DESA RUMBIO KECAMATAN RUMBIO JAYA', 37, 5, 4, 2017, 0.00, '-', ''),
('Un.04/L.I/PP.06/----/2018', 'NURNASRINA, SE., M.S.,i\r\nAFRIZAL AHMAD, M.Sy.,\r\nISKANDAR, SE.', 'SOSIALISASI PENGGUNAAN SELENDANG POLAN UNTUK MENINGKATKAN PENDAPATAN PETANI KARET DI MUSIM HUJAN', 28, 5, 5, 2018, 0.00, '-', ''),
('Un.04/L.I/PP.06/-/2017', 'Dra. MURNY, M.Pd., NURYANTI, S.E.I., M.E.Sy', 'EMPOWERMENT USAHA EKONOMI KREATIF BAGI MASYARAKAT MISKIN DI KABUPATEN ROKAN HULU', 37, 5, 4, 2017, 0.00, '-', ''),
('Un.04/L.I/PP.06//2014', 'Drs.Moh. Nasir Cholis, M.A.', 'PENINGKATAN PRODUKTIVITAS AYAM KAMPUNG MELALUI PERBAIKAN MANAJEMEN PEMBIBITAN DAN MANAJEMEN PENETASAN UNTUK PENGETASAN KEMISKINAN DI KECAMATAN TAMBANG KABUPATEN KAMPAR', 37, 5, 1, 2014, 0.00, '-', ''),
('Un.04/L.I/PP.06//2017', 'M. ABDI ALMAKSTUR, MA., \r\nZULFAHMI, S.HUT., M.Si., \r\nMARDIANA MA.', 'PELATIHAN DAN PENDAMPINGAN TEKNIK PERBANYAKAN BIBIT SERTA POTENSI PENGEMBANGAN AGRIBISNIS NENAS KEPADA PETANI NENAS MADI DI INDRAGIRI HILIR', 13, 5, 4, 2017, 0.00, '-', ''),
('Un.04/L.I/PP.06//2018', 'WARTONO, S.Si, M.Sc.,\r\nRAHMAWATI, M.Sc.', 'PELATIHAN PENGEMBANGAN VISUALISASI PEMBELAJARAN MATEMATIKA BERBASIS MICROSOFT EXCEL DAN APLIKASI GEOGEBRA BAGI GURU MTS/SMP SE-KECAMATAN KAMPAR KIRI', 26, 7, 5, 2018, 0.00, '-', ''),
('Un.04/L.I/PP.06/2028/2018', 'VIVIK SHOFIAH, S.Psi., M.Si.,\r\nLILIZA AGUSTIN, M.Psi.,Psikolog.,\r\nYULITA KURNIAWATI A, M.Psi., Psikolog', 'INTERVENSI PSIKOLOGIS: PELATIHAN KEBERSYUKURAN DALAM UPAYA PENINGKATAN KESEHATAN MENTAL PADA IBU-IBU MAJELIS TAKLIM DI KOTA PEKANBARU', 26, 3, 5, 2018, 0.00, '-', ''),
('Un.04/L.I/PP.06/2119/2018', 'BAMBANG KUNTORO, S.Pt.,M.Si., Dr. IRDHA MIRDHAYATI., S.Pi., M.Si., WIEDA NURWIDADA. H.ZAIN, S.Pt., MSi', 'INTRODUKSI PENGOLAHAN BIJI DURIAN MENJADI PRODUK OLAHAN HASIL TERNAK DALAM MENCIPTAKAN PANGAN KHAS DAERAH DI KABUPATEN BENGKALIS', 26, 8, 5, 2018, 0.00, '-', ''),
('Un.04/L.I/PP.06/2125/2018', 'ARI PANI DESVINA, M.Sc.,\r\nELFIRA SAFITRI, M. Mat.', 'PENDAMPINGAN PEMBELAJARAN MATEMATIKA PRAKTIS DENGAN MENGGUNAKAN TEKNOLOGI INFORMASI PADA GURU SEKOLAH DASAR', 26, 7, 5, 2018, 0.00, '-', ''),
('Un.04/L.I/PP.06/2187/2018', 'MUAMMAR ALKADAFI, S.Sos, M.Si.,\r\nMUHAMMAD RACHMADI, SE.MM.', 'PELATIHAN PENGELOLAAN BADAN USAHA MILIK DESA DIDESA MUARA TAKUS KECAMATAN XIII KOTO KAMPAR KABUPATEN KAMPAR', 27, 4, 5, 2018, 0.00, '-', ''),
('Un.04/L.I/PP.06/2193/2018', 'Dr. MAHMUZAR,M.Hum., CANDRA JON ASMARA, S.Sos,.MSi.', 'PELATIHAN PEMANDU WISATA BERKUALITAS BAGI MASYARAKAT DI DESA MUARA TAKUS KECAMATAN XIII KOTO KAMPAR DAN KOTO KAMPAR HULU KABUPATEN KAMPAR', 29, 4, 5, 2018, 0.00, '-', ''),
('Un.04/L.I/PP.06/2211/2018', 'Dra. NURASMAWI, M. Pd., RISTILIANA, S. Pd., M. Pd. E., MUHAMMAD IHSAN HAMDY, S. T., M. T.', 'MEMBANGKITKAN WIRAUSAHA MASYARAKAT MELALUI EKONOMI KREATIF DI DESA MUARA TAKUS KECAMATAN XIII KOTO KAMPAR (PELATIHAN PEMBUATAN KERAJINAN TENNGAN AKRILIK)', 27, 1, 5, 2018, 0.00, '-', ''),
('Un.04/L.I/PP.06/2217/2018', 'ANDRI NOVIUS, SE, M.Si, Ak., FAIZA MUKLIS, SE.MSi, Ak.', 'PENGUATAN PERAN IBU DALAM PENDIDIKAN ANAK MELALUI PENDAMPINGAN PENGGUNAAN GADGET UNTUK MENCEGAH DAMPAK NEGATIF TERHADAP PERTUMBUHAN DAN KESEHATAN ANAK', 26, 4, 5, 2018, 0.00, '-', ''),
('Un.04/L.I/PP.06/2218/2018', 'LUSIAWATI, SE, MBA., ELISANOVI, SE.,MM,Ak.', 'PRAKTEK MANAJEMEN KEUANGAN DALAM PENGELOLAAN DANA BERGULIR BAGI KELOMPOK TANI TUAH SEPAKAT DESA SAHILAN DARUSSALAM KEC. GUNUNG SAHILAN KAB.KAMPAR', 37, 4, 5, 2018, 0.00, '-', ''),
('Un.04/L.I/PP.06/2219/2018', 'LESTARI HANDAYANI, ST, M.Kom., DEWI DINIATY, ST., M.Ec. Dev', 'PEMBERDAYAAN IBU-IBU RUMAH TANGGA DALAM MENGELOLA SAMPAH MELALUI E-MEDIA DIRUMAH KELILA SAMPAH (RKS) KELURAHAN TANGKERANG BARAT KECAMATAN MARPOYAN DAMAI', 26, 7, 5, 2018, 0.00, '-', ''),
('Un.04/L.I/PP.06/2226/2018', 'INDAH PERMANASARI, SP. MP.,\r\nTIARA SEPTIROSYA, S.P., M.Si.,\r\nNOVITA HERA, S.P., M.P.', 'PEMANFAATAN KOMPOS HASIL BIOPORI PADA BUDIDAYA SAYUR ORGANIK SEBAGAI SOLUSI MENUJU KEMANDIRIAN PANGAN DI PESANTREN AL-IHSAN BOARDING SCHOOL SIAK HULU KAMPAR', 26, 8, 5, 2018, 0.00, '-', ''),
('Un.04/L.I/PP.06/2228/2018', 'IKWANI RATNA, SE, M.Si, Ak.,\r\nHIDAYATI NASRAH, SE, M.Acc, Ak.', 'PEMBERDAYAAN EKONOMI KREATIF MASYARAKAT MELALUI PELATIHAN PEMBUATAN SABUN MANDI DI KELURAHAN TANGKERANG BARAT KOTA PEKANBARU', 26, 4, 5, 2018, 0.00, '-', ''),
('Un.04/L.I/PP.06/2229/2018', 'YUSRIALIS, SE,M.Si., H. HENDRIZAL HADI WAHAB, Lc. MA.', 'KURSUS PRODUK KOPERASI SIMPAN PINJAM DAN PEMBIAYAAN SYARIAH BMT PADA MASYARAKAT DESA GOBAH KAMPAR', 32, 4, 5, 2018, 0.00, '-', ''),
('Un.04/L.I/PP.06/2237/2018', 'Dr. AMIRAH DINIATY, M.Pd, Kons., Dra. RIWANI, M.Ed.', 'PENDAMPINGAN PENGURUS ORGANISASI BINA KELUARGA REMAJA MENGATASI KENAKALAN REMAJA BERSPEKTIF GENDER DI DESA KUALU NENAS KECAMATAN TAMBANG KABUPATEN KAMPAR', 26, 1, 5, 2018, 0.00, '-', ''),
('Un.04/L.I/PP.06/2275/2018', 'RIZKI FIPRINITA, M. Pd., ROSWATI, MPd., NURDIANA, M.Pd.', 'PENDAMPINGAN DAILY ENGLISH CONVERSATION UNTUK MASYARAKAT DESA TANJUNG BELIT KECAMATAN KAMPAR KIRI HULU', 29, 1, 5, 2018, 0.00, '-', ''),
('Un.04/L.I/PP.06/2317/2018', 'LISA UTAMI, S.Pd, M.Si., YUNI FATISA, M.Si.', 'PEMBERDAYAAN MASYARAKAT PEDULI MAKANAN SEHAT MELALUI DETEKSI BERBASIS IPTEK MENGGUNAKAN SENYAWA BAHAN ALAM PADA BAHAN TAMBAHAN PANGAN BERBAHAYA', 30, 1, 5, 2018, 0.00, '-', ''),
('Un.04/L.I/PP.06/2320/2018', 'Dr. Hj. ANDI MUNIARTI, M.Pd.,\r\nDr. Dra. ROHANI, M.Pd.', 'PELATIHAN  PENYELENGGARAANJENAZAH BAGI MASYARAKAT DUSUN SIASAM DESA BALUNG KECAMATAN XIII KOTO KAMPAR SEBAGAI DESA BINAAN UIN SUSKA RIAU', 27, 1, 5, 2018, 0.00, '-', ''),
('Un.04/L.I/PP.06/2376/2017', 'Dr. AFRIZAL NUR, MIS., EDI HERMANTO, M.Pd.I.', 'BIMIBINGAN TAHFIDZ UNTUK ANAK-ANAK MU\'ALAF SUKU AKIT DUSUN TANJUNG PAL DESA PENYENGAT, KECAMATAN SUNGAI APIT, KABUPATEN SIAK (STUDI LIVING ALQURAN)', 33, 2, 4, 2017, 0.00, '-', ''),
('Un.04/L.I/PP.06/2380/2018', 'DR. IRWAN TASLAPRATAMA, M.Sc., ERVINA ARYANTI, S.P.,M.Si', 'EDUKASI LINGKUNGAN FISIK SEKOLAH MENUJU GREEN SCHOOL DI SMPIT AL-FITYAH PEKANBARU', 29, 8, 5, 2018, 0.00, '-', ''),
('Un.04/L.I/PP.06/2382/2017', 'SYAMSURIZAL, SE, M.Sc. Ak.,\r\nJONNIUS, S.E.MM.', 'program literasi keuangan dan pendampingan investasi keuangan syariah dalam pengelolaan keuangan pemuda di desa kualu nenas kecamatan tambang kabupaten kampar', 26, 5, 4, 2017, 0.00, '-', ''),
('Un.04/L.I/PP.06/2384/2017', 'MUHAMMAD YASIR, M.Ag., \r\nMASHURI, MA.', 'KEGIATAN KAJIAN PENGUATAN FUNGSI KELEMBAGAAN BADAN PERMUSYAWARATAN DESA (BPD) DAN PARTISIPASI PEMBANGUNAN DALAM PERSPEKTIF ISLAM', 37, 2, 4, 2017, 0.00, '-', ''),
('Un.04/L.I/PP.06/2385/2017', 'CANDRA JON ASMARA, S.Sos., M.Si.,\r\nAFRINALDY RUSTAM, S.IP, MSi.', 'PELATIHAN PENGEMBANGAN JIWA KEWIRAUSAHAAN BAGI MASYARAKAT DESA MUARA TAKUS KECAMATAN XIII KOTO KAMPAR KABUPATEN KAMPAR', 27, 4, 4, 2017, 0.00, '-', ''),
('Un.04/L.I/PP.06/2387/2017', 'NURCAHAYA S.Ag., M.Pd.I.,\r\nAFDHOL RINALDI, SE., M.Ec.,\r\nMADONA KHARUNISA, ME. Sy.,\r\nYUNI HARLINA, M.Sy.', 'PENYULUHAN HUKUM TERKAIT UU NO 23 TAHUN 2004 DALAM UPAYA PENCEGAHAN KEKERASAN DALAM RUMAH TANGGA DI DESA KUALU NENAS KECAMATAN TAMBANG KABUPATEN KAMPAR-RIAU TAHUN 2017', 37, 1, 4, 2017, 0.00, '-', ''),
('Un.04/L.I/PP.06/2388/2017', 'MERRY SISKA, ST, MT.\r\nRESKI MAI CHANDRA, ST.M.Sc.', 'OPTIMALISASI PENDAPATAN UKM KERIPIK NENAS DI DESA KUALU NENAS KABUPATEN KAMPAR MELALUI PEMBENAHAN MANJEMEN PRODUKSI DAN MANAJEMEN KEUANGAN ', 37, 7, 4, 2017, 0.00, '-', ''),
('Un.04/L.I/PP.06/2389/2017', 'NURHASANAH BAKHTIAR, M.Ag.,\r\nFITRI HERLINDA, M.Ag.', 'PEMBERDAYAAN ORANG TUA MELALUI PELATIHAN DAN KONSEING DALAM MENGATASI KENAKALAN REMAJA DESA KUALU NENAS KABUPATEN KAMPAR', 37, 1, 4, 2017, 0.00, '-', ''),
('Un.04/L.I/PP.06/2390/2017', 'DR. HERTINA, MA, M.Pd.,\r\nHELEN LAST FITRIANI, SH.MH.', 'Meningkatkan kesejahteraan rumah tangga miskin dengan pelatihan keterampilan usaha rumahan pembuatan sabun cuci piring di kelurahan okura kecamatan rumbai', 37, 5, 4, 2017, 0.00, '-', ''),
('Un.04/L.I/PP.06/2391/2017', 'Dr. ABU BAKAR, M.Pd.,\r\nABD. GHOFUR, M.Ag.', 'pelatihan imam dan khatib di desa kedaburapat dan bina sempian kecamatan rangsang pesisir, kabupaten kepulauan meranti', 37, 2, 4, 2017, 0.00, '-', ''),
('Un.04/L.I/PP.06/2393/2017', 'Drs. SAIFULLAH, M.Us.,\r\nDrs. KAIZAL BAY,M.Sc.', 'PELATIHAN PEMBUATAN MULTIMEDIA PEMBELAJARAN KITAB TURATS BERBASIS TIK UNTUK ASATIZ DI PONDOK PESANTREN MADRASAH TARBIYAH ISLAMIYAH TANJUNG BERULAK, AIR TIRIS, KABUPATEN KAMPAR ', 29, 2, 4, 2017, 0.00, '-', ''),
('Un.04/L.I/PP.06/2394/2017', 'MUAMMAR ALKADAFI, S.Sos, M.Si., \r\nRUSDI, S.Sos, MA', 'PELATIHAN ADMINISTRASI TATA USAHA KANTOR DESA DAN PEMBUATAN SISTEM DESA (SID) BERBASIS ONLINE DI DESA KUALU NENAS KECAMATAN TAMBANG KABUPATEN KAMPAR', 37, 4, 4, 2017, 0.00, '-', ''),
('Un.04/L.I/PP.06/2396/2017', 'NURNASRINA, SE, M.Si., \r\nAFRIZAL AHMAD M.Sy.,\r\nISKANDAR', 'PEMBINAAN PENINGKATAN EKONOMI PETANI KARET PADA MUSIM HUJAN DENGAN PENGGUNAAN SELENDANG POLAN DI DESA BALUNG KECAMATAN XIII KOTO KAMPAR KABUPATEN KAMPAR.', 37, 5, 4, 2017, 0.00, '-', ''),
('Un.04/L.I/PP.06/2397/2017', 'KHAIRIAH, M.Ag., \r\nJANI ARNI, S.Th.I, M.Ag.', 'PELATIHAN LEADERSHIP BAGI PELAJAR MUSLIM DESA KUALU NENAS KECAMATAN TAMBANG KABUPATEN KAMPAR', 27, 2, 4, 2017, 0.00, '-', ''),
('Un.04/L.I/PP.06/2398/2017', 'NUR HASANAH, SE, MM.,\r\nDr. JENITA., SE. MM.', 'PEMBERDAYAAN PEREMPUAN DALAM PENGENTASAN KEMISKINAN DI KELURAHAN OKURA KECAMATAN RUMBAI', 37, 5, 4, 2017, 0.00, '-', ''),
('Un.04/L.I/PP.06/2400/2017', 'Dr. HAJAR M, MH.\r\nDEVI MEGAWATI, SE. I., ME.Sy.', 'SOSIALISASI PENERAPAN HUKUM WARIS ISLAM DIDESA KUALA NENAS KECAMATAN TAMBANG KABUPATEN KAMPAR RIAU', 27, 5, 4, 2017, 0.00, '-', ''),
('Un.04/L.I/PP.06/2401/2017', 'SAHWITRI TRIANDANI,SE., M.Si.,\r\nYULITA KURNIAWATY ASRA', 'PELATIHAN MANAJEMEN PENGOLAHAN SAMPAH BERBASIS MASYARAKAT DI KELURAHAN MUARA FAJAR KECAMATAN RUMBAI PEKANBARU', 37, 4, 4, 2017, 0.00, '-', ''),
('Un.04/L.I/PP.06/2403/2017', 'IKHWANI RATNA, SE, M.Si, Ak,CA.,\r\nHIDAYATI NASRAH, SE, M.Acc, Ak, CA.', 'PELATIHAN USAHA EKONOMI KREATIF PEMBUATAN TAS RAJUT BAGI IBU RUMAH TANGGA DI KECAMATAN MARPOYAN DAMAI KOTA PEKANBARU', 37, 4, 4, 2017, 0.00, '-', ''),
('Un.04/L.I/PP.06/2405/2017', 'LESTARI HANDAYANI, ST, M.Kom.,\r\nDEWI DINIATY, ST. MEc. Dev.', 'PEMBERDAYAAN KELOMPOK UP2KS DI KELURAHAN LABUAI KECAMATAN BUKITRAYA MELALUI PELATIHAN E-COMMERCE SEBAGAI UPAYA MENINGKATKAN PENDAPATAN MASYARAKAT', 37, 7, 4, 2017, 0.00, '-', ''),
('Un.04/L.I/PP.06/2406/2017', 'SEHANI, SE, MM.,\r\nAINUN MARDIYAH, SE. MM.,\r\nDr. HERLINDA, MA.', 'PENINGKATAN KUALITAS EKONOMI MASYARAKAT MELALUI PELATIHAN KEWIRAUSAHAAN BUDI DAYA JAMUR ORGANIK YANG RAMAH LINGKUNGAN DI KOTA PEKANBARU', 37, 4, 4, 2017, 0.00, '-', ''),
('Un.04/L.I/PP.06/2407/2017', 'Dra. SUHERTINA, MPd.,\r\nDarni, SP., MBA.', 'PELATIHAN KETERAMPILAN MEMBUAT JAJANAN PASAR BAGI IBU-IBU MUSLIM SEBAGAI UPAYA PENINGKATAN PEREKONOMIAN KELUARGA DI KELURAHAN DELIMA KECAMATAN TAMPAN PEKANBARU', 37, 1, 4, 2017, 0.00, '-', ''),
('Un.04/L.I/PP.06/2410/2017', 'Dr. YENNI KURNIAWATI, M.Si., LAZULVA, M.Si.', 'PELATIHAN DAN SOSIALISASI TEKNIK IDENTIFIKASI SEDERHANA MAKANAN YANG MENGANDUNG BABI DAN TURUNANNYA PADA MASYARAKAT DI DESA MUARA FAJAR KOTA PEKANBARU', 37, 1, 4, 2017, 0.00, '-', ''),
('Un.04/L.I/PP.06/2413/2017', 'NURHAYATI, M.Hum., Dr. SUKMA ERNI, M.Pd.', 'PELATIHAN PENULISAN KARYA ILMIAH BAGI GURU PROFESIONAL SEKOLAH DASAR DI KECAMATAN TAMPAN KOTA PEKANBARU', 29, 1, 4, 2017, 0.00, '-', ''),
('Un.04/L.I/PP.06/2414/2017', 'Dr. KHAIRUNNAS JAMAL, M.A.,\r\nH. SYAFRIL SIREGAR, S.Th.I,.M.A', 'OPTIMALISASI PEMBINAAN MUALLAF KECAMATAN RUMBAI KOTA PEKANBARU', 26, 2, 4, 2017, 0.00, '-', ''),
('Un.04/L.I/PP.06/2415/2017', 'H. DARUSMAN, M.Ag., PIPIR ROMADI, S.Kom.I., M.M.', 'PEMBERDAYAAN USAHA EKONOMI MIKRO PRODUKTIF PADA MASYARAKAT DI KECAMATAN RUPAT UTARA KABUPATEN BENGKALIS', 37, 6, 4, 2017, 0.00, '-', ''),
('Un.04/L.I/PP.06/2416/2017', 'Dra. MEIMUNNAH S MOENADA, M.Ag.,\r\nHENDRA RIOFITA, MM.', 'PELATIHAN EKONOMI KREATIF UNTUK PENGENTASAN KEMISKINAN BAGI PEMUDA KE ORANG TARUNA KECAMATAN TANAH PUTIH KABUPATEN ROKAN HILIR PROVINSI RIAU', 26, 1, 4, 2017, 0.00, '-', ''),
('Un.04/L.I/PP.06/2418/2017', 'AFRIZAL, S.Sos, M.Si., RIMET, SE,MM Ak, CA.', 'PELATIHAN PEMANFAATAN DAN PENGOLAHAN LIMBAH KULIT PISANG MENJADI PRODUK YANG BERNILAI EKONOMIS SEBAGAI UPAYA MENINGKATAKAN PENDAPATAN MASYARAKAT DI KOTA PEKANBARU', 37, 7, 4, 2017, 0.00, '-', ''),
('Un.04/L.I/PP.06/2420/2017', 'LUSIAWATI, SE, MBA.,\r\nELISANOVI, SE,MM.Ak.', 'UPAYA PENINGKATAN PENDAPATAN USAHA MIKRO IBU-IBU BERBASIS MAJLIS TA\'LIM DI KECAMATAN TENAYAN RAYA PEKANBARU', 37, 4, 4, 2017, 0.00, '-', ''),
('Un.04/L.I/PP.06/2421/2017', 'EDI ERWAN, S.Pt. M.Sc. Ph.D.,\r\nEVI IRAWATI, S.Pt, M.P.,\r\nDEMI FITRA, S.Pt, M.P.', 'PELATIHAN MANAGEMENT PETERNAKAN AYAM KAMPUNG SUPER UNTUK TUJUAN PRODUKSI DAGING DI DESA WONOSARI KECAMATAN BENGKALIS KABUPATEN BENGKALIS', 30, 8, 4, 2017, 0.00, '-', ''),
('Un.04/L.I/PP.06/2424/2017', 'AFRIZA S.Ag M.Pd., \r\nDra. AFRIDA M.Ag', 'PEMBERDAYAAN MASYARAKAT MELALUI PELATIHAN KETERAMPILAN MENYULAM DI DESA TANJUNG BERULAK AIRTIRIS KECAMATAN KAMPAR', 37, 1, 4, 2017, 0.00, '-', ''),
('Un.04/L.I/PP.06/2425/2017', 'Dr. ASLATI, M.Ag.\r\nDra. SILASWATI, M.Pd.', 'PENDAMPINGAN TERHADAP PENGRAJIN TENUN SONGKET DI DESA BUKIT BATU KECAMATAN BUKIT BATU KABUPATEN BENGKALIS', 29, 6, 4, 2017, 0.00, '-', ''),
('Un.04/L.I/PP.06/2426/2017', 'ZULFAHMI, S.Hut, M.Si.,\r\nRITA EELFIANIS, SP. M.Sc.', 'PEMBERDAYAAN KELOMPOK TANI HUTAN HALAMAN KUYANG LESTARI DALAM SELEKSI KADIDAT POHON INDUK PASAK BUMI DI HUTAN LARANGAN ADAT RUMBIO', 37, 8, 4, 2017, 0.00, '-', ''),
('Un.04/L.I/PP.06/2427/2017', 'DEWI SUKARTIK, M.Sc.,\r\nDr. NURDIN, MA.', 'PELATIHAN PENGELOAAN WEB DESA DALAM UPAYA AKSELERASI PEMBANGUNAN DESA DI KECAMATAN BUNUT KABUPATEN PELALAWAN', 26, 6, 4, 2017, 0.00, '-', ''),
('Un.04/L.I/PP.06/2429/2017', 'ZULAMRI, S.Ag, M.A.\r\nMUSLIM, M.Ag.', 'PELATIHAN PENGENALAN DINI TERHADAP PERILAKU MENYIMPANG (RECOGNIZING BEHAVIOUR DISORDER) PADA ANAK-ANAK DENGAN POLA PENANGANAN ACTIVE LEARNING MODEL DI KECAMATAN RIMBO JAYA, KAMPAR ', 26, 6, 4, 2017, 0.00, '-', ''),
('Un.04/L.I/PP.06/2430/2017', 'RITA SUSANTI, S.PSi, MA.,\r\nDr. HARMAINI, M.Si.,\r\nVIVIK SHOFIAH,M.Si.', 'PSIKOLOGI HIJAU(Green Psychology) Dengan Konsep Ibqa Al-Biy\'ah Meningkatkan Kesadaran Untuk  Melestarikan Lingkungan Pada Masyarakat Pinggiran Pekanbaru', 37, 3, 4, 2017, 0.00, '-', ''),
('Un.04/L.I/PP.06/2432/2017', 'ANGRAINI, S.Kom, M.Eng.,\r\nMEGAWATI, S.Kom, M.T.', 'PELATIHAN PENINGKATAN KEMAMPUAN GURU MADRASAH DINIYAH AWALIYAH (MDA) DALAM PEMBELAJRAN FIQIH ANAK BERBASIS MULTIMEDIA INTERAKTIF', 37, 7, 4, 2017, 0.00, '-', ''),
('Un.04/L.I/PP.06/2434/2017', 'ASRIL, SHI.,SH.,MH.,\r\nNUR HIDAYAT, SH.,MH.,\r\nJONI ALIZON, SH.,MH.', 'PENINGKATAN PENGETAHUAN MASYARAKAT TENTANG INTEGRASI HUKUM ADAT DAN HUKUM ISLAM TERUTAMA DALAM PEMBAGIAN HARTA WARISAN MENURUT HUKUM WARIS ISLAM (ADAT BERSENDI SYARAK, SYARAK BERSENDI KITABULLAH) DI KABUPATEN KAMPAR ', 37, 5, 4, 2017, 0.00, '-', ''),
('Un.04/L.I/PP.06/2438/2017', 'Dr. MARTIUS , M. IIum.,\r\nDr. AGUSTIAR, M.Ag.', 'PELATIHAN PENULISAN  KARYA ILMIAH BAGI GURU-GURU SD DI KECAMATAN KUOK', 34, 2, 4, 2017, 0.00, '-', ''),
('Un.04/L.I/PP.06/24381/2017', 'Dr. ELVIRIADI, S.Pi. M.Si., YUSMAR MAHMUD, S.P.,M.Si.', 'PENGUATAN EKONOMI PEMANFAATAN KOTORAN TERNAK KERBAU SEBAGAI PUPUK ORGANIK CAIR DENGAN MODEL PENELITIAN KOMUNITAS DI DESA BALUNG KECAMATAN XIII KOTO KAMPAR KABUPATEN KAMPAR', 27, 8, 4, 2017, 0.00, '-', ''),
('Un.04/L.I/PP.06/2439/2017', 'HARIZA HASYIM, SE, M.Ak.,\r\nARAS AIRA, SE.M.Ak.', 'PERMAINAN CONGKLAK PINTAR KARTU ACAK (COPIKARA) SEBAGAI MEDIA MENGHAFAL ALQUR\'AN JUZ AMMA DI SD IT NURUSSALAM PEKANBARU', 37, 4, 4, 2017, 0.00, '-', ''),
('Un.04/L.I/PP.06/2440/2017', 'Dr. RADO YENDRA, M.Sc.,\r\nARI PANI DESVINA, M.Sc.', 'PENDAMPINGAN PEMBELAJARAN MATEMATIKA KREATIF PADA GURU SEKOLAH DASAR', 26, 7, 4, 2017, 0.00, '-', ''),
('Un.04/L.I/PP.06/2441/2017', 'SRI BASRIATI, M.Sc.,\r\nWARTONO, M.Sc.,\r\nNILWAN ANDIRAJA, M.Sc.', 'PELATIHAN PENGEMBANGAN MEDIA PEMBELAJARAN MATEMATIKA BAGI GURU SMP/MTS BEBASIS MICROSOFT EXEL DAN MAPLE DI KECAMATAN SALO DAN KUOK KABUPATEN KAMPAR', 37, 7, 4, 2017, 0.00, '-', ''),
('Un.04/L.I/PP.06/2442/2017', 'IRDAYANTI, S.IP, MA., WENNY DESTY FEBRIAN, MM', 'PENDAMPINGAN SISTEM MANAJEMEN DAN ADMINISTRASI PENDATAAN PENDUDUK MELALUI APLIKASI BERBASIS IT DI KECAMATAN RUMBAI PESISIR KOTA PEKANBARU', 26, 4, 4, 2017, 0.00, '-', ''),
('Un.04/L.I/PP.06/2443/2017', 'MOHAMMAD SOLEH, M.Sc.,\r\nMUSTAKIM, ST, M.Kom.', 'MEMBANGUN DESA BERBASISKAN TEKNOLOGI INFORMASI SEBAGAI SARANA PENGETAHUAN UMUM KESEHATAN MASYARAKAT DI PULAU BENGKALIS', 37, 7, 4, 2017, 0.00, '-', ''),
('Un.04/L.I/PP.06/2445/2017', 'Dr. HARRIS SIMAREMARE, MT., Dr. IWAN TASLAPRATAMA', 'PENDAMPINGAN IMPLEMENTASI APLIKASI PENGELOMPOKAN BUAH KELAPA MENGGUNAKAN METODE BACKGROUND SUBTRACTION MIXTURE OF GAUSSIAN 2 PADA USAHA KECIL MASYARAKAT KECAMATAN PULAU BURUNG, INDRAGIRI HILIR, RIAU', 37, 7, 4, 2017, 0.00, '-', ''),
('Un.04/L.I/PP.06/2446/2017', 'Dr.H.ABDULLAH HASAN, M.Sc.,\r\nNOVRI ASTARI IHSAN, MPd.', 'PELATIHAN PELAKSANAAN SCIENTIFIC APPROACH KURIKULUM 2013 REVISI 2016 BAGI GURU-GURU BAHASA INGGRIS KKM MTsN 03 KAMPAR', 37, 1, 4, 2017, 0.00, '-', ''),
('Un.04/L.I/PP.06/2454/2017', 'Dr. ELFIANDRI, M.Si.,\r\nFEBRI RAHMI, SE. MSc. Ak.', 'PELATIHAN KOUNIKASI BISNIS DAN PENGELOLAAN MANAJEMEN KEUANGAN PADA USAHA PEMBUATAN SAUS SAMBAL TANPA BAHAN PENGAWET', 37, 6, 4, 2017, 0.00, '-', ''),
('Un.04/L.I/PP.06/2455/2017', 'Dr. Hj. ZULHIDAH, M.Pd., \r\nProf. Dr. HAIRUNNAS, M.Ag', 'PELATIHAN DAN PENDAMPINGAN PENYUSUNAN RENCANA PELAKSANAAN KURIKULUM 2013 REVISI TAHUN 2016 BAGI GURU MTS DI KABUPATEN ROKAN HULU', 37, 1, 4, 2017, 0.00, '-', ''),
('Un.04/L.I/PP.06/2456/2017', 'HENNI INDRAYANI, SE, MM., ASTUTI MEFLINDA, SE, MM.', 'PENDAMPING PELATIHAN KEHALALAN PRODUK (STUDI PADA UMKM DI DESA KUALU NENAS KECAMATAN TAMBANG KABUPATEN KAMPAR', 26, 4, 4, 2017, 0.00, '-', ''),
('Un.04/L.I/PP.06/2457/2017', 'Dr. YASRIL YAZID, MIS., YURNALIS, MA.', 'SOSIALISASI PENCEGAHAN DAN PENANGGULANGAN BAHAYA NARKOBA MELALUI KONSELING ISLAM DI KABUPATEN BENGKALIS', 37, 6, 4, 2017, 0.00, '-', ''),
('Un.04/L.I/PP.06/2458/2017', 'DESMA HUSNI, S.PSi., M.A., \r\nAHYANI RADHIANI FITRI, S.PSi., M.A.', 'TREATMENT REGULASI EMOSI UNTUK MENGATASI PRILAKU KONSUMTIF REMAJA', 37, 3, 4, 2017, 0.00, '-', ''),
('Un.04/L.I/PP.06/2459/2017', 'MUSFIALDY, S.Sos, M.Si.,\r\nMUHAMMAD SOIM, M.A.,\r\nEDISON, S.Sos, M.I.Kom.', 'PELATIHAN PENYIARAN (BROADCASTING) TELEVISI BERBASIS MEDIA INTERNET UNTUK SANTRI PESANTREN DI DAERAH PESISIR PROPINSI RIAU', 37, 6, 4, 2017, 0.00, '-', ''),
('Un.04/L.I/PP.06/2460/2017', 'Drs. Ali Akbar, MIS.,\r\nMUSLIM, S.Ag.S.H,M.Hum.', 'PEMBINAAN BACA TULIS AL-QUR\'AN BAGI SISWA SMP NEGERI 1 BANGKINANG KABUPATEN KAMPAR', 37, 2, 4, 2017, 0.00, '-', ''),
('Un.04/L.I/PP.06/2461/2017', 'FITRI ARYANI. S.Sc., \r\nCORRY CORAZON MARZUKI, M.Si', 'PELATIHAN PENINGKATAN KEMAMPUAN MATEMATIKA GURU MADRASAH IBTIDAIYAH SE-KECAMATAN TAMBANG KABUPATEN KAMPAR', 37, 7, 4, 2017, 0.00, '-', ''),
('Un.04/L.I/PP.06/2463/2017', 'Dr. OKFALISA, ST, M.Sc.,\r\nNOVI YANTI, ST.M.Kom.', 'PENINGKATAN DAN PENGEMBANGAN KOMPETENSI GURU DALAM PENULISAN KARYA TULIS ILMIAH (GURU SEKOLAH DASAR DI KECAMATAN BANGKINANG KABUPATEN KAMPAR)', 37, 7, 4, 2017, 0.00, '-', ''),
('Un.04/L.I/PP.06/2468/2017', 'Dra. RISWANI.M.Ed., QOMARIAH L.SE.MM.', 'PENINGKATAN CITRA PASAR PANAM PEKANBARU MELALUI PENGOLAHAN SAMPAH BERBASIS TEKNOLOGI SEDERHANA', 37, 9, 4, 2017, 0.00, '-', ''),
('Un.04/L.I/PP.06/2469/2017', 'LYSA ANGRAYNI, S.H., M.H.,\r\nFEBRI HANDAYANI, SHI. MH.', 'SOSIALISASI UNDANG-UNDANG PENCEGAHAN PENYLAHGUNAAN TEKNOLOGI INFORMASI DI KALANGAN REMAJA KOTA PEKANBARU', 37, 5, 4, 2017, 0.00, '-', ''),
('Un.04/L.I/PP.06/2471/2017', 'Dr. MASDUKI, M.Ag.,\r\nDr. TONI HARTONO,M.Si.,\r\nVERA SARDILA,M.Pd.', 'PEMBINAAN PENGALAMAN AGAMA PADA MSYARAKAT MUSLIM MUALLAF DI DESA SELAT AKAR KECAMATAN TASIK PUTERI PUYUH KABUPATEN KEPULAUAN MERANTI RIAU', 26, 6, 4, 2017, 0.00, '-', ''),
('Un.04/L.I/PP.06/2472/2017', 'KHOTIMAH, M. Ag., Dr. IMRON ROSIDI, MA.', 'BIMBINGAN DAN PENYULUHAN NILAI AKHLAK KAITANNYA DENGAN  BAHAYA MIRAS, NARKOBA BAGI REMAJA DI DESA TARAB MULIA TARAI BANGUN KAMPAR', 26, 2, 4, 2017, 0.00, '-', ''),
('Un.04/L.I/PP.06/2474/2017', 'LISTIAWATI SUSANTI, MA.,\r\nJULIS SURIANI, M.I.Kom.,\r\nROHAYATI,M.I Kom.', 'PELATIHAN KEPEMIMPINAN PERSPEKTIF ISLAM DI SMK SULTHAN MUAZZAM SYAH KOTA PEKANBARU', 37, 6, 4, 2017, 0.00, '-', ''),
('Un.04/L.I/PP.06/2475/2017', 'ANWAR EFENDI HARAHAP, S.Pt.,M.Si.,\r\nBAKHENDRI SOLFAN, S.P.M.Sc.', 'PEMBERDAYAAN MASYARAKAT MELALUI PENELITIAN DAN PELATIHAN PEMBUATAN RANSUM PELLET BERBAHAN KULIT BUAH PISANG DI KABUPATEN KUANTAN SINGINGI', 9, 8, 4, 2017, 0.00, '-', ''),
('Un.04/L.I/PP.06/2478/2017', 'INDAH PERMANASARI, S.P., M.P., ERVINA ARYANTI, S.P.,M.Si.', 'KEMANDIRIAN MASYARAKAT MELALUI IPTEK DALAM PEMBUATAN SIMPLISIA SEBAGAI RAMUAN HERBAL UNTUK MENGATASI PENYAKIT DEGENERATIF DI DESA BINA BARU KABUPATEN KAMPAR', 26, 8, 4, 2017, 0.00, '-', ''),
('Un.04/L.I/PP.06/2479/2017', 'Dr. TRIANI ADELINA, S.Pt., MP., BAMBANG KUNTORO, S.Pt., M.Si', 'PEMBERDAYAAN MASYARAKAT MELALUI PELATIHAN DAN PENELITIAN PENGOLAHAN PAKAN PELET MENGGUNAKAN BAHAN LIMBAH KULIT BUAH NENAS DI KABUPATEN KUANTAN SINGINGI', 37, 8, 4, 2017, 0.00, '-', ''),
('Un.04/L.I/PP.06/2480/2017', 'Dr. YENDRALIZA, S.Pt., \r\nIRSYADI SIRADJUDDIN, SP.,M.Si', 'PENDAMPINGAN KELOMPOK TERNAK BERBASIS PENELITIAN MELALUI PENGOLAHAN PAKAN JERAMI JAGUNG SECARA BIOLOGIS DI KABUPATEN KUANTAN SINGINGI', 37, 8, 4, 2017, 0.00, '-', ''),
('Un.04/L.I/PP.06/2482/2017', 'RATNA DEWI S.Sos, M.Si., \r\nZULHAIDA, SE,MM', 'PELATIHAN PEMANFAATAN LIMBAH AIR KELAPA TUA SEBAGAI ALTERNATIF PEMBUATAN KECAP UNTUK MENINGKATKAN PENDAPATAN MASYARAKAT DI KOTA PEKANBARU', 37, 4, 4, 2017, 0.00, '-', ''),
('Un.04/L.I/PP.06/2483/2017', 'AULIA RANI ANNISAVA, S.P., M.Sc., ZUMARNI, S.Pt., M.P.', 'SOSIALISASI DAN PELATIHAN PENGOLAHAN SORGUM MENJADI ANEKA PRODUK KULINER DI KAMPAR', 29, 8, 4, 2017, 0.00, '-', ''),
('Un.04/L.I/PP.06/2485/2017', 'SUTOYO, MT.,\r\nARIF MARSAL, Lc. MA.', 'PENDAMPINGAN KELOMPOK BINAAN DESA SUNGAI RUKAM DALAM PEMBUATAN BIOETANOL DARI TANAMAN NIPAH', 26, 7, 4, 2017, 0.00, '-', ''),
('Un.04/L.I/PP.06/2489/2017', 'FITRI HIDAYATI, S.E., MM.,\r\nNANDA PUTRI MIEFTHAWATI, MSc.', 'PELATIHAN KELOMPOK TANI BINAAN DALAM PEMASARAN JERUK DI BALAI PENYULUHAN PERTANUAN KECAMATAN KUOK', 26, 4, 4, 2017, 0.00, '-', ''),
('Un.04/L.I/PP.06/3404/2016', 'Dr. RUSDI, M.A., \r\nDrs. H. MUDASIR,M.Pd', 'PELATIHAN KETERAMPILAN MENERJEMAHKAN KALIMAT AL-QURAN DENGAN METODE SISTEM 40 JAM BAGI GURU MADRASAH ALIYAH KABUPATEN INDRAGIRI HULU RENGAT', 37, 1, 3, 2016, 0.00, '-', ''),
('Un.04/L.I/PP.06/3624.a/2016', 'NUR AISYAH ZULKIFLI, M.Pd., \r\nRIZKI FIPRINITA, M.Pd', 'PELATIHAN DAN BIMBINGAN PENULISAN ARTIKEL ILMIAH BAGI GURU BAHASA INGGRIS DI LIPAT KAIN KABUPATEN KAMPAR', 37, 1, 3, 2016, 0.00, '-', ''),
('Un.04/L.I/PP.06/3629.a/2016', 'SEHANI, SE, MM.,\r\nAINUN MARDIAH, SE, MM', 'PELATIHAN PEMANFAATAN DAN PENINGKATAN GUNA BELIMBING WULUH (AVERRHOA BILLIMBI) UNTUK PENDAPATAN MASYARAKAT KOTA PEKANBARU', 30, 4, 3, 2016, 0.00, '-', ''),
('Un.04/L.I/PP.06/3630.a/2016', 'Dr. ARSYADI ALI, S.Pt., M.Agr.Sc.,\r\nRESTU MISRIANTI, S.Pt., M.Si', 'PENDAMPINGAN PANITIA IDUL QURBAN DALAM MENGIDENTIFIKASI TERNAK BERDASARKAN KARAKTERISTIK KUALITATIF DAN KUANTITAF SEBAGAI UPAYA MENDAPATKAN TERNAK KURBAN YANG MEMENUHI SYARIAT ISLAM', 37, 8, 3, 2016, 0.00, '-', ''),
('Un.04/L.I/PP.06/3635.a/2016', 'INDAH PERMANA SARI, S.P., M.P., \r\nERVINA ARYANTI, S.P, M.Si., \r\nLUTFI ARIFIN', 'PEMBERDAYAAN PONDOK PESANTREN SEBAGAI AGENT OF CHANGE DALAM PENGELOLAAN SAMPAH DG APLIKASI BIOPORI SEBAGAI LANGKAH AWAL PENYELAMATAN BUMI SECARA ECO FRIENDLY', 37, 8, 3, 2016, 0.00, '-', ''),
('Un.04/L.I/PP.06/3636.a/2016', 'Drs. SAIFULLAH, M. Us.,\r\nDrs. KAIZAL BAY, M.Sc', 'PELATIHAN PEMBELAJARAN KITAB TURATS MELALUI MEDIA ELEKTRONIK DI DUA PESANTREN', 37, 2, 3, 2016, 0.00, '-', ''),
('Un.04/L.I/PP.06/3639.a/2016', 'MUSFIALDY, M.Si., \r\nMUHAMMAD SOIM, M.Si', 'PELATIHAN JURNALISTIK WARGA (CITIZEN JURNALISTIK) MEDIA INTERNET UNTUK SANTRI DI KABUPATEN SIAK', 37, 6, 3, 2016, 0.00, '-', ''),
('Un.04/L.I/PP.06/363948.a/2016', 'MERRY SISKA, ST, MT., \r\nRESKI MAI CANDRA, ST, M.Sc', 'PEMBERDAYAAN UKM NENAS DI DESA KUALU NENAS KAB. KAMPAR MELALUI PELATIHAN DIVERSIFIKASI PRODUK OLAHAN NENAS SEBAGAI UPAYA MENINGKATKAN PENDAPATAN MASYARAKAT', 37, 7, 3, 2016, 0.00, '-', ''),
('Un.04/L.I/PP.06/3643.a/2016', 'Dr. Ellya Roza, M.Hum.,\r\nSUSIBA, M.Pd.I.,\r\nSINDI AYUDIA PAMA.', 'PELATIHAN KETRAMPILAN SENI BACA AL-QUR\'AN MELALUI MULTIMEDIA ICT BAGI SISWA PONPES SALAFIYAH SYEKH BURHANUDDIN DI KUNTU', 37, 1, 3, 2016, 0.00, '-', ''),
('Un.04/L.I/PP.06/3645.a/2016', 'Dr. H. ABDULLAH HASAN M.Sc.,\r\nRIZKY GUSHENDRA M.Ed.', 'PELATIHAN SCIENTIFIC APPROACH K2013 DAN INFORMATION COMMUNICATION TECHNOLOGY (ICT) BAGI GURU-GURU MTS SE KECAMATAN KAMPAR & KAMPAR UTARA', 37, 1, 3, 2016, 0.00, '-', ''),
('Un.04/L.I/PP.06/3647.a/2016', 'HARIZA HASYIM, SE. MSi.,\r\nARAS AIRA, SE, M.Ak.', 'KEGIATAN MENGAJI DAN MENGHAFAL AL-QURAN BAGI ANAK-ANAK DI LINGKUNGAN LABUH BARU TIMUR, KECAMATAN PAYUNG EKAKI, PEKANBARU', 37, 4, 3, 2016, 0.00, 'LPPM UIN SUSKA', ''),
('Un.04/L.I/PP.06/3650.a/2016', 'MUHAMMAD YUNUS, MA.,\r\nABU SAMAH, MH.', 'KEARIFAN LOKAL MASYARAKAT TEMPATAN DALAM MELINDUNGI HUTAN LINDUNGI TAMAN NASIONAL TESSO NILO DI KABUPATEN PALALAWAN PROVINSI RIAU', 37, 5, 3, 2016, 0.00, '-', ''),
('Un.04/L.I/PP.06/3651.a/2016', 'AULIA RANI ANNISAVA, S.P., M.Sc.,\r\nLENNY SASMITA, S.P., M.Si.', 'PEMBERDAYAAN MASYARAKAT DESA TANJUNG BUNGO DALAM  BUDIDAYA DAN PENGOLAHAN PEGAGAN MENJADI ANEKA PRODUK PANGAN', 37, 8, 3, 2016, 0.00, '-', ''),
('Un.04/L.I/PP.06/3653.a/2016', 'Drs.H. HATTA, M.Ag., \r\nDEWI SRI SURYANTI, M.SI., \r\nMITERIANIFA, M.Pd.', 'PENINGKATAN KETERAMPILAN MENYUSUN PROPOSAL PENELITIAN TINDAKAN KELAS BAGI GURU MTs DI KECAMATAN TAPUNG HULU KABUPATEN KAMPAR', 37, 1, 3, 2016, 0.00, '-', ''),
('Un.04/L.I/PP.06/3655.a/2016', 'Dr. RADO YENDRA, M.Sc.,\r\nARI PANI DESVINA, M.Sc.', 'PENDAMPINGAN UPGRADE PENGGUNAAN TEKNOLOGI INFORMASI DAN PEMBELAJARAN MATEMATIKA MENGGUANAKAN METODE GAING PADA GURU SEKOLAH DASAR', 37, 7, 3, 2016, 0.00, '-', ''),
('Un.04/L.I/PP.06/3656.a/2016', 'EKI SAPUTRA, S.Kom., M.Kom.,\r\nMUSTAKIM, S.T. M.Kom.,\r\nTRI LAKSONO', 'PERAN SERTA MASYARAKAT DESA PULAU BENGKALIS DALAM MENDUKUNG INDUSTRI KREATIF DAERAH DENGAN BERBASISKAN TEKNOLOGI INFORMASI', 37, 7, 3, 2016, 0.00, '-', ''),
('Un.04/L.I/PP.06/3659.a/2016', 'ANSHARULLAH, SP, M.Ec.,\r\nADAM MALIK INDRA, Lc. MA.,\r\nHARUM NATASHA, M.Pd.,\r\nDINUL HAQ IKHSAN', 'PEMBERDAYAAN EKONOMI WISATA DI KABUPATEN SIAK PROVINSI RIAU MELALUI PENINGKATAN PEMAHAMAN KONSEP WISATA SYARIAH', 37, 1, 3, 2016, 0.00, '-', ''),
('Un.04/L.I/PP.06/3660.a/2016', 'KHOTIMAH, M.Ag.,\r\nIMRON ROSIDI, M.Ag.', 'PENYULUHAN TENTANG PEMAHAMAN NILAI-NILAI AKHLAK BAGI MASYARAKAT DESA MADANI PARIT VII PULAU KIJANG RETEH INHIL RIAU', 37, 2, 3, 2016, 0.00, '-', ''),
('Un.04/L.I/PP.06/3662.a/2016', 'NURJANIS, S.Ag, MA.,\r\nZUMARNI, S.Pt. M.P.', 'PEMBINAAN REMAJA MASJID AL-ABRAR DESA PULAU JAMBU TERHADAP PEMAHAMAN SERTA TEKNIK PEMILIHAN HEWAN KURBAN', 37, 2, 3, 2016, 0.00, '-', ''),
('Un.04/L.I/PP.06/3663.a/2016', 'Hj. NURHASANAH BAKHTIAR, M.Ag.,\r\nDra. RISWANI, M.Pd.,\r\nDra. ZALYANA, M.Ag.', 'PELATIHAN DAN PENDAMPINGAN PENELITIAN TINDAKAN KELAS BAGI GURU SMPN 23 PEKANBARU', 37, 1, 3, 2016, 0.00, '-', ''),
('Un.04/L.I/PP.06/3665.a/2016', 'Dr. MAHYARNI, SE, MM.,\r\nHESTY WULANDARI, SE.M, Sc.,Ak.', 'PENDAMPING PENYUSUN LAPORAN KAUANGAN KOPRASI BERDASARKAN STANDAR AKUTANI KEUANGAN KOPERASI DI KECAMATAN KUOK KABUPATEN KAMPAR', 37, 4, 3, 2016, 0.00, '-', ''),
('Un.04/L.I/PP.06/3666.a/2016', 'NURJANIS, S.Ag, MA., \r\nDrs. A. GHOZALI SYAFEI, M.Si.,\r\nABAS WISMOYO HERNAWAN, S.KoM.I.', 'METODE MENULIS ARAB MELAYU DENGAN QAIDAH KALIGRAFI BAGI GURU MUATAN LOKAL KECAMATAN TUALANG KABUPATEN SIAK', 37, 6, 3, 2016, 0.00, '-', ''),
('Un.04/L.I/PP.06/3667.a/2016', 'Drs. Zamharil Yahya, MM.\r\nFITRI HIDAYATI, SE., MM.', 'PEMBERDAYAAN MASYARAKAT PETANI JERUK KUOK DALAM PEMASARAN PRODUK MENGGUNAKAN E-MARKETING', 37, 4, 3, 2016, 0.00, '-', ''),
('Un.04/L.I/PP.06/3668/2016', 'IRDAYANTI, S.IP, M.A.,\r\nROZA LINDA, SE. MM.', 'PEMBERDAYAAN IBU RUMAH TANGGA DAN REMAJA MELALUI DAUR ULANG SAMPAH ANORGANIK MENJADI KREASI EKONOMI DI KELURAHAN BUKIT BANTREM KOTA DUMAI', 37, 4, 3, 2016, 0.00, '-', ''),
('Un.04/L.I/PP.06/3671.a/2016', 'WARTONO, M.Sc., \r\nSRI BASRIATI, M.Sc., \r\nM. NIZAM MUHAIJIR, S.Si.', 'PENGEMBANGAN PEMBELAJARAN MATEMATIKA BERBASIS MICROSOFT EXCEL BAGI GURU SMP/MTS KEC.XIII KOTO KAMPAR KAB.KAMPAR', 37, 7, 3, 2016, 0.00, '-', ''),
('Un.04/L.I/PP.06/3672.a/2016', 'Prof. RAIHANI, M.Ed., Ph.D.\r\nNUNU MAHNUN, M.Pd.', 'PENINGKATAN KOMPETENSI KEPEMIMPINAN KEPALA MADRASAH MELALUI PEER COACHING', 37, 1, 3, 2016, 0.00, '-', ''),
('Un.04/L.I/PP.06/3673.a/2016', 'drh. JULLY HANDOKO, S.K.H., M.KL., \r\nEVI IRAWATI, S.Pt., M.P', 'PEMERIKSAAN KESEHATAN HEWAN TERNAK DAN VAKSINASI JEMBRANA DI WILAYAH KERJA PUSAT KESEHATAN HEWAN KECAMATAN TAPUNG KABUPATEN KAMPAR', 37, 8, 3, 2016, 0.00, '-', ''),
('Un.04/L.I/PP.06/3675.a/2016', 'LYSA ANGRAYNI., SH., MH., \r\nFEBRI HANDAYANI.,SHI.,MH.', 'PEMBINAAN KESADARAN HUKUM MENUJU PROSES REINTEGRASI SOSIAL BAGI ANAK BERKONFLIK DENGAN HUKUM PADA LEMBAGA PEMBINAAN KHUSUS ANAK KELAS II B PEKANBARU', 37, 5, 3, 2016, 0.00, '-', ''),
('Un.04/L.I/PP.06/3676.a/2016', 'HENNI INDRAYANI, SE., MM.,\r\nHARKANERI, SE.MSA,Ak.', 'PEMBUATAN LAPORAN KEUANGAN BISNIS OLEH-OLEH BKHAS RIAU PADA UMKM DI KECAMATAN TAMBANG KABUPATEN KAMPAR', 30, 4, 3, 2016, 0.00, '-', ''),
('Un.04/L.I/PP.06/3678.a/2016', 'ZUBAIDAH, M.Ag.,\r\nDra. Hj. IRDAMISRAINI, MA.', 'PELATIHAN PENYELENGGARAAN JENAZAH BAGI IBU-IBU KELOMPOK MAJELI TAKLIM DI DESA SARI MULYA KECAMATAN KATEMAN KABUPATEN INDRAGIRI HILIR', 37, 5, 3, 2016, 0.00, '-', ''),
('Un.04/L.I/PP.06/3680.a/2016', 'FITRI ARYANI, M.Sc., \r\nCORRY CORAZON MARZUKI, M.Si.,\r\nIRMA SURYANI, M.Sc', 'PELATIHAN PENINGKATAN KEMAMPUAN GURU DALAM PEMBELAJARAN MATEMATIKA DI MADRASAH IBTIDAIYAH SE-KECAMATAN TAMBANG KABUPATEN PEKANBARU', 37, 7, 3, 2016, 0.00, '-', ''),
('Un.04/L.I/PP.06/3683.a/2016', 'SUTOYO, MT.,\r\nARIF MARSAL, Lc, MA', 'PENINGKATAN SDM MASYARAKAT DESA SUNGAI RUKAM AKAN POTENSI ENERGI DAN EKONOMI POHON NIPAH SEBAGAI BAHAN PEMBUATAN BIOETANOL', 37, 7, 3, 2016, 0.00, '-', ''),
('Un.04/L.I/PP.06/542.--/2014', 'TUTI ANDRIANI, S. Ag., M.Pd.,\r\nZUHAIRANSYAH ARIFIN, M.Ag.,\r\nM. MUFTIH', 'PELATIHAN PENGOLAHAN IKAN MENJADI MAKANAN VARIATIF DAN PRODUKTIF DI DESA SAWAH KEC. KAMPAR UTARA', 37, 1, 1, 2014, 0.00, '-', ''),
('Un.04/L.I/PP.06/542.10/2014', 'Dr. Wilaela , M.Ag.,\r\nDra. SOFIA HARDANI, M.Ag.,\r\nM. SURYANI, SH.MH', 'PEMBINAAN PRILAKU SEHAT REPRODUKSI BAGI MASYARAKAT KECAMATAN BANTAN KABUPATEN BENGKALIS', 25, 9, 1, 2014, 0.00, '-', ''),
('Un.04/L.I/PP.06/542.13/2014', 'Musfialdi, S.Sos, M.Si.,\r\nAMIR SYARIF HIDAYAT,\r\nDrs. ABDUL RAHMAN, M.Si', 'SOSIALISASI INTERNET SEHAT DAN PELATIHAN CITIZEN JURNALISTIK BAGI ANAK SLTA REMAJA MESJID DAN KARANG TARUNA DI KABUPATEN SIAK', 37, 6, 1, 2014, 0.00, '-', ''),
('Un.04/L.I/PP.06/542.15/2014', 'Fatimah Dewi Susanti, S.Pd.I,\r\nRizki Fibriniata, M.Pd', 'PELATIHAN PENGEMBANGAN DAN ANALISIS BUTIR SOAL DENGAN PROGRAM SPSS BAGI GURU-GURU NEGERI DAN SWASTA SMP DAN SMU DI KECAMATAN BANDAR SEKIJANG KABUPATEN PELALAWAN PROVINSI RIAU', 25, 9, 1, 2014, 0.00, '-', ''),
('Un.04/L.I/PP.06/542.6/2014', 'Dra. Hj. Yenita Morena, M.Si.,\r\nMERRY SISKA, ST.MT', 'PEMBERDAYAAN INDUSTRI KECIL PEMBUATAN BATU BATA MELALUI PERBAIKAN SISTEM KERJA YANG AGRONOMIS DI DESA SAIL', 25, 9, 1, 2014, 0.00, '-', ''),
('Un.04/L.I/TL.01/    /2018', 'DRS. AKMAL, M.Pd., NELVAWITA, S.Ag, MA.', 'PELATIHAN KEWIRAUSAHAAN (INTERPRENEURSHIP TRAINING) DALAM PENINGKATAN EKONOMI KREATIF MASYARAKAT DI KELURAHAN TEBING TINGGI OKURA KECAMATAN RUMBAI PESISIR, KOTA PEKANBARU', 27, 1, 5, 2018, 0.00, '-', ''),
('Un.04/L.I/TL.01/   /2018', 'BUDI AZWAR, SE, M.Ec., AHMAD HAMDALAH, M.E Sy', 'ENTERPRENEUR MELALUI USAHA EKONOMI KREATIF BAGI MASYARAKAT MISKIN DI DESA MUARA TAKUS KEC. XIII KOTO KAMPAR KAB. KAMPAR', 27, 5, 5, 2018, 0.00, '-', ''),
('Un.04/L.I/TL.01/ /2017', 'Dr. HUSNI THAMRIN, M.Si.,\r\nDr. HJ, SITTI RAHMAH, M.Si.', 'WORKSHOP KONSERVASI MANAGEMEN PENGELOLAAN ECO-GREEN-RELIGIUS DI KOTA DUMAI', 9, 10, 4, 2017, 0.00, '-', ''),
('Un.04/L.I/TL.01/ /2018', 'FITRA LESTARI NORHIZA., ST., M.Eng., PhD.,\r\nSUHERAN ST.MT', 'PEMBERDAYAAN MASYARAKAT MELALUI PENGELOLAAN INVENTORI DARAH MENGGUNAKAN METODE CONTINUOUS REVIEW DI DESA MUARA TAKUS', 27, 7, 5, 2018, 0.00, '-', ''),
('Un.04/L.I/TL.01/----/2014', 'MASHURI, SH.I,. M.A.', 'PROGRAM USAHA EKONOMI DESA SIMPAN PINJAM(UED-SP) DALAM MENINGKATKAN EKONOMI MASYARAKAT KABUPATEN SIAK', 37, 4, 1, 2014, 0.00, '-', ''),
('Un.04/L.I/TL.01/----/2016', 'Dr. SRI MURHAYATI, M.Ag., \r\nKHUSNAL MARZUQO, MPd.', 'PENGUATAN PROSES PEMBELAJARAN BERBASIS TEMATIK SAINTIFIK BAGI GURU MADRASAH IBTIDAIYAH AL- KHAIRIYAH SUNGAI CINA KECAMATAN RANGSANG BARAT KABUPATEN KEPULAUAN MERANTI', 30, 1, 3, 2016, 0.00, '-', ''),
('Un.04/L.I/TL.01/----/2017', 'MAWARDI, S.Ag, M.Si., DARMAWAN TIA INDRAJAYA, M.Ag.', 'PENGEMBANGAN INDUSTRI RUMAH TANGGA UNTUK PENINGKATKAN PENDAPATAN MASYARAKAT DI DESA SUNGAI TENGAH KECAMATAN SABAK AUH KABUPATEN SIAK SRI INDRAPURA', 37, 5, 4, 2017, 0.00, '-', ''),
('Un.04/L.I/TL.01/----/2018', 'Dr. SUKMA ERNI, M.Pd,. HASGIMIANTI, S.Pd, M.Pd, Kons.', 'PENGUATAN DIMENSI SOSIAL KELUARGA UNTUK MENINGKATKAN KEMAMPUAN PROBLEM SOLVING MELALUI PELATIHAN DAN PENDAMPINGAN BAGI WARGA PERUMAHAN GEMILANG KECAMATAN TAMBANG KAMPAR', 31, 1, 5, 2018, 0.00, '-', ''),
('Un.04/L.I/TL.01/-/2016', 'Dr. H. AMRI DARWIS, M.Ag.,\r\nDr. H. AKHYAR, M.Ag.', 'BIMBINGAN AGAMA ISLAM APLIKATIF TERINTEGRASI (BAIAT) BAGI WARGA BIAAN LAPAS KELAS IIB BANGKINANG', 37, 1, 3, 2016, 0.00, '-', ''),
('Un.04/L.I/TL.01/-/2017', 'Dr. RUSDI, M.A., M.IQBAL LUBIS, M.Si.', 'PEMBINAAN PEMBELAJARAN BAHASA ARAB QUR\'ANI BAGI MASYARAKAT MUSLIM (MUALLAF) SUKU AKIT DI DESA TANJUNG PAL KECAMATAN SUNGAI APIT KABUPATEN SIAK', 29, 1, 4, 2017, 0.00, '-', ''),
('Un.04/L.I/TL.01/-/2018', 'Dr. RIAN VEBRIANTO, M.Ed., M. KHALILULLAH, MA.', 'PENINGKATAN KOMPETENSI GURU MADRASAH DALAM MENGEMBANGKAN BAHAN AJAR BERBASIS ICT DI MADRASAH TSANAWIYAH SABILAL MUHTADIN TEMBILAHAN', 29, 1, 5, 2018, 0.00, '-', ''),
('Un.04/L.I/TL.01//2016', 'Dr. SRI MURHAYATI, M.Ag.,\r\nKHUSNUL MARZUQO, M.Pd.', 'PENGUATAN PROSES PEMBELAJARAN BERBASIS TEMATIK SAINTIFIK BAGI GURU MADRASAH IBTIDAIYAH AL-KHAIRIYAH SUNGAI CINA KECAMATAN RANGSANG BARAT KABUPATEN KEP MERANTI', 30, 1, 3, 2016, 0.00, '-', ''),
('Un.04/L.I/TL.01/1325/2018', 'DRA. FITRI REFELITA M.SI., NETI AFRIANIS,M.Pd.', 'PELATIHAN PEMBUATAN BIOBRIKET UNTUK PEMANFAATAN LIMBAH AMPAS TEBU SEBAGAI BAHAN BAKAR ALTERNATIF DI KELURAHAN SUKAMAJU KECAMATAN SAIL PEKANBARU', 37, 1, 5, 2018, 0.00, '-', ''),
('Un.04/L.I/TL.01/15/2015', 'MASYURI, S.PSI., M.SI.', 'IMPLEMENTASI MODEL PEMBELAJARAN BERMAIAN AKTIF (AKTIVE PLAY MODEL) DAN IDENTIFIKASI ANAK BERKELAINAN PADA GURU PAUD SE-KECEMATAN BANGKINANG, KAMPAR', 37, 3, 2, 2015, 0.00, '-', ''),
('Un.04/L.I/TL.01/1993/2018', 'DR. H. MAWARDI MUHAMMAD SALEH, LC, MA., SYUKRAN, S.HI.,M.Sy.', 'BIMBINGAN TAHSIN AL-QUR\'AN DAN PENGENALAN QIRA\'AH SAB\'AH BAGI MASYARAKAT DESA BUKIT PAYUNG KECAMATAN BANGKINANG KABUPATEN KAMPAR', 26, 5, 5, 2018, 0.00, '-', ''),
('Un.04/L.I/TL.01/2012/2018', 'EVI IRAWATI, S.Pt., MP., EDI ERWAN, S.Pt, M.Sc.,PhD.', 'PELATIHAN PEMBUATAN RANSUM PELLET BERBAHAN DAUN UBI KAYU DALAM RANGKA MENINGKATKAN PENDAPATAN MASYARAKAT DI DESA SEI TOLANG KECAMATAN RAMBAH HILIR KABUPATEN ROKAN HULU', 26, 8, 5, 2018, 0.00, '-', ''),
('Un.04/L.I/TL.01/2019/2018', 'Dr. MAHYARNI, SE, MM.,\r\nASTUTI MEFLINDA, SE., MM.', 'PENDAMPING PEMBERDAYAAN MASYARAKAT MELALUI DIVERSIFIKASI PRODUK MAKANAN BERBASIS KEUNGGULAN LOKAL DI DESA EMPAT BALAI KECAMATAN KUOK', 26, 4, 5, 2018, 0.00, '-', ''),
('Un.04/L.I/TL.01/2024.1/2017', 'ZURAIDAH, M.Ag.,\r\nDra. Hj. IRDAMISRAINI, MA.', 'PELATIHAN PENYELENGGARAAN JENAZAH BAGI IBU-IBU KELOMPOK MAJELIS TAKLIM DI DESA PENJURU KECAMATAN KATEMAN KABUPATEN INDRAGIRI HILIR', 26, 5, 4, 2017, 0.00, '-', ''),
('Un.04/L.I/TL.01/2073/2018', 'H. MAWARDI, S.Ag, MSi., Dr. ZULFAHMI BUSTAMI, M.Ag., RONI KURNIAWAN, SH.MH.', 'PELATIHAN PENGOLAHAN IKAN LELE UNTUK PENINGKATAN PEREKONOMIAN BAGI WARGA PANTI ASUHAN PUTRI AISYIYAH MUHAMMADIYAH KOTA PEKANBARU', 29, 5, 5, 2018, 0.00, '-', ''),
('Un.04/L.I/TL.01/2079/2018', 'ISMU KUSUMANTO, MT.,\r\nWRESNI ANGGRAINI, ST., MM.,\r\nEKIE GILANG PERMATA, MSc.', 'PELATIHAN PEMBUATAN ETANOL SEBAGAI ALTERNATIF BAHAN BAKAR KENDARAAN DARI LIMBAH KULIT NANAS DI DESA KUALU NENAS, KAMPAR', 26, 7, 5, 2018, 0.00, '-', ''),
('Un.04/L.I/TL.01/2114/2018', 'Prof. DR. H. AKBARIZAN, M.Ag., M. Pd., MADONA KHAIRUNISA, SE. I., ME. Sy. BASIR, SH.MH', 'KURSUS SINGKAT PRA NIKAH DI DESA KUALU NENAS SEBAGAI PELAKSANAAN PERDIRJEN BIMAS ISLAM NOMOR: DJ.II/542 TAHUN 2013', 27, 5, 5, 2018, 0.00, '-', ''),
('Un.04/L.I/TL.01/2116/2018', 'H. MHD. KASTULANI, S.H,.M.H., JONI ALIZON, SH., MH', 'PENYULUHAN HUKUM TERPADU PEERLINDUNGAN TERHADAP PEREMPUAN DAN ANAK SERTA PENGHAPUSAN KEKERASAN DALAM RUMAH TANGGA KABUPATEN SIAK', 26, 5, 5, 2018, 0.00, '-', ''),
('Un.04/L.I/TL.01/2130/2018', 'NOFIRZA, ST., M.Sc., ANWARDI, ST., MT., HARPITO, ST., MT', 'PENERAPAN ALAT PEMBELAH BUAH PINANG MANUAL YANG ERGONOMIS DI DESA KAYU RAJA-KABUPATEN INHIL-RIAU', 26, 7, 5, 2018, 0.00, '-', ''),
('Un.04/L.I/TL.01/2164/2018', 'H.DARUSMAN, M.Ag., PIPIR ROMADI, S.Kom.I.,M.M', 'PEMBERDAYAAN EKONOMI KELUARGA MELALUI KEGIATAN PENDAMPINGAN HOME INDUSTRY  MAKANAN TRADISIONAL DI KECAMATAN KAMPAR KIRI KABUPATEN KAMPAR', 26, 6, 5, 2018, 0.00, '-', ''),
('Un.04/L.I/TL.01/2165/2018', 'RAFDEADI, S.Sos.I., M.A.,\r\nROHAYATI, S.Sos., M.I.kom.,\r\nNUR ALHIDAYATILLAH, M.Kom.I', 'PELATIHAN E-COMMERCE DALAM MENINGKATKAN PENJUALAN USAHA KECIL MENENGAH (UKM) MASYARAKAT DESA KOTO MASJID KECAMATAN XIII KOTO KAMPAR KECAMATAN KAMPAR', 26, 6, 5, 2018, 0.00, '-', ''),
('Un.04/L.I/TL.01/2171/2017', 'Dr. LENY NOVIANTI. MS,SE,M.Si. Ak.,\r\nDr OKFALISA, ST, MSc.,\r\nDr. HERLINDA', 'PENGUKURAN INISIATIF GREEN FINACING DI PERBANKAN SYARIAH MENGGUNAKAN DESAIN SISTEM PENGAMBILAN KEPUTUSAN', 36, 4, 4, 2017, 0.00, '-', ''),
('Un.04/L.I/TL.01/2184/2018', 'ARAS AIRA, SE.M.Ak., ANNA NURLITA,. SE. M.Si.', 'SOSIALISASI PERAN MASYARAKAT DESA DALAM PENGAWASAN DANA DESA UNTUK MENINGKATKAN AKUNTABILITAS DAN TRANSPARANSI PADA DESA KUALA NENAS KECAMATAN TAMBANG', 27, 4, 5, 2018, 0.00, '-', ''),
('Un.04/L.I/TL.01/2241/2018', 'ZUL AMRI, S.Ag.,M.A., MUHAMMAD SOIM, M.A.', 'PELATIHAN METODE CEPAT DALAM MEGHAFAL AL-QURAN BAGI TINGKAT PEMULA (MUBTADI) DI DESA MUARA UWAI KEC. BANGKINANG SEBERANG KAB. KAMPAR', 26, 6, 5, 2018, 0.00, '-', ''),
('Un.04/L.I/TL.01/2268/2018', 'Prof. Dr. Hairunas Rajab, M.Ag.,\r\nDr. KAMARUDDIN., S.Sos., M.Si.', 'PENDAMPINGAN  ISLAMIC ENTERPRENEURSHIP UNTUK MENINGKATKAN  KEMANDIRIAN  EKONOMI MASYARAKAT DI DESA WISATA OKURA PEKANBARU DI AULA KANTOR LURAH TEBING TINGGI OKURA KECAMATAN RUMBAI PESISIR KOTA PEKANBARU', 27, 8, 5, 2018, 0.00, '-', ''),
('Un.04/L.I/TL.01/2270/2018', 'Dr. ZUBAIDAH AMIR MZ, M.Pd., RAMON MUHANDAZ, M.Pd', 'PENGUATAN PUBLIK ILMIAH PENDIDIK MELALUI PENULISAN ARTIKEL ILMIAH TERBITAN JURNAL ', 29, 1, 5, 2018, 0.00, '-', ''),
('Un.04/L.I/TL.01/2273/2018', 'IRSYADI SIRADJUDDIN, SP., M.SI., BAKHENDRI SOLFAN, SP., M. Sc.', 'PEMBERDAYAAN MASYARAKAT MELALUI PENGOLAHAN SAMPAH RUMAH TANGGA DAN SAMPAH PERKEBUNAN MENJADI PUPUK KOMPOS DI DESA PASIR MAKMUR KECAMATAN RAMBAH SAMO KABUPATEN ROKAN HULU', 26, 8, 5, 2018, 0.00, '-', ''),
('Un.04/L.I/TL.01/2274/2018', 'RENI SUSANTI, M.Psi, IKHWANISIFA, M.Psi, RAUDATUSSALAMAH, S.Psi, MA.', 'PENGEMBANGAN KETERAMPILAN HELP SEEKING BEHAVIOR PADA ANAK KORBAN KEKERASAN SEKSUAL DENGAN METODE ISLAMIC GROUP PLAY THERAPY DI KABUPATEN SIAK', 29, 3, 5, 2018, 0.00, '-', ''),
('Un.04/L.I/TL.01/2275/2018', 'Dra. MURNY, M.Pd.,\r\nROZI ANDRINI, SE. Sy. ME.', 'HOME INDUSTRY MELALUI USAHA EKONOMI PRODUKTIF BAGI KELOMPOK WANITA DI KELURAHAN TEBING TINGGI OKURA KEC. RUMBAI PESISIR KOTA PEKANBARU', 27, 1, 5, 2018, 0.00, '-', ''),
('Un.04/L.I/TL.01/2276/2018', 'Drs. H. PROMADI, M.A., Ph.D.,\r\nDr. H. APRIJON EFENDI, Lc, M.A.', 'PENINGKATAN KOMPETENSI PEDAGOSIS PENGAJARAN KITAB KUNING DENGAN ACTIVE LEARNING BAGI PARA GURU DI PESANTREN DARRUSALAM SARAN ROKAN HULU RIAU', 29, 1, 5, 2018, 0.00, '-', ''),
('Un.04/L.I/TL.01/2287/2018', 'JONNIUS, SE, MM., SYAMSURIZAL, SE.M.Sc, Ak.', 'PEMBINAAN PELAJAR DALAM INVESTASI KEUANGAN  SYARIAH DI MADRASAH ALIYAH NEGERI 1 PEKANBARU', 29, 5, 5, 2018, 0.00, '-', ''),
('Un.04/L.I/TL.01/2349/2017', 'M. KHALILULLAH, M.A.,\r\nDr. H. MUSLIM AFANDI, M.Pd.,\r\nMHD. SUBHAN, S.Pd., M.Ed,. CH,.CHt.', 'PEMBINAAN PEMUDA PEDESAAN MELALUI PELATIHAN DAN BIMBINGAN KARIR DI KELURAHAN OKURA KECAMATAN RUMBAI KOTA PEKANBARU', 27, 1, 4, 2017, 0.00, '-', ''),
('Un.04/L.I/TL.01/2377/2017', 'SUHERMAN, M.T.\r\nFITRA LESTARI NOHIRZA, ST.,M.Eng.,Ph.D.', 'PENGELOLAAN INVENTORY OBAT-OBATAN UNTUK MASYARAKAT PEREMPUAN LANSIA PADA KEGIATAN KONSULTASI KESEHATAN DI DESA KAMPUNG GODANG KABUPATEN KAMPAR', 33, 7, 4, 2017, 0.00, '-', ''),
('Un.04/L.I/TL.01/2379/2017', 'Dr. H. SUHAYIB, M.Ag.,\r\nDra. Hj. YUSLIATI, M.Ag.', '\"KADA ADAKAH LAGI LALAKIAN\" KESETARAN GENDER PERSPEKTIF ORANG-ORANG BANJAR DI INHIL', 33, 5, 4, 2017, 0.00, '-', ''),
('Un.04/L.I/TL.01/2411/2017', 'SUBHAN, M.Ag.,\r\nHASANUDDIN, M.Si.', 'PENINGKATAN DAN PENGUATAN KETRAMPILAN BERPIKIRTINGKAT TINGGI (HIGHER ORDER THINKING SKILLS) BAGI GURU MADRASAH IBTIDAIYYAH DI TEMBILAHAN', 35, 1, 4, 2017, 0.00, '-', ''),
('Un.04/L.I/TL.01/2422/2017', 'NURHAYATI ZEIN, MSy.,\r\nKASMIYANTI, MA.,\r\nWARDANI PURNAMASARI, S.Pd,.,M.Pd.E.', 'PEMBINAAN USAHA KREATIF BAGI IBU RUMAH TANGGA PERUMNAS PURI FATIKHA DESA RIMBO PANJANG KECAMATAN TAMBANG KAMPAR', 26, 1, 4, 2017, 0.00, '-', ''),
('Un.04/L.I/TL.01/2423/2017', 'Dr. LENY NOFIANTI MS.,SE,M.Si, Ak.,\r\nSUSNANINGSIH MU\'AT, SE, MM.', 'PENDAMPINGAN PENGELOLAAN ALOKASI DANA DESA DALAM RANGKA MEWUJUDKAN AKUNTABILITAS DAN TRANSPARANSI PADA DESA KOTO TALUK KUANTAN KAB KUANTAN SINGINGI', 29, 4, 4, 2017, 0.00, '-', ''),
('Un.04/L.I/TL.01/2452/2017', 'RAFDEADI, M.Ag.,\r\nKHAIRUDDI, M.Ag.', 'KOMUNIKASI BISNIS PENGRAJIN IKAN ASIN DESA TELUK RHU DI KECAMATAN RUPAT UTARA KABUPATEN BENGKALIS', 26, 6, 4, 2017, 0.00, '-', ''),
('Un.04/L.I/TL.01/2453/2017', 'YUSRIALIS, SE, M.Si.,\r\nH. HENDRIZAL HADI WAHAB, Lc , MA.', 'TRAINING PEMBIAYAAN KREDIT LEMBAGA KEUANGAN SYARIAH PADA MASYARAKAT DESA KEMANG INDAH KECAMATAN TAMBANG', 26, 4, 4, 2017, 0.00, '-', ''),
('Un.04/L.I/TL.01/2462/2017', 'Drs. H. SUHAIMI, M.Ag.,\r\nMIFTAHUDDIN, M.Ag.,\r\nM. FAHLIZATRAHADI,M.Pd.,\r\nDARMAWATI, M.I.Kom.', 'PEMBERDAYAAN USAHA KECIL MENENGAH MASYARAKAT DESA TANJUNG GADING KECAMATAN PASIR PENYU KABUPATEN INDRAGIRI HULU DALAM MEMBANTU MEMPROMOSIKAN POTENSI DESA, BERBAHAN BAKU LOKAL BERBASIS ONLINE', 26, 6, 4, 2017, 0.00, '-', '');
INSERT INTO `pengabdian` (`no_sk`, `penulis`, `judul`, `id_cluster`, `id_fakultas`, `id_rak`, `tahun`, `pendanaan`, `sumber_dana`, `file`) VALUES
('Un.04/L.I/TL.01/246512017', 'Dra. ELLYA ROZA, M.Hum., Ph.D., MIRAWATI M.Ag.', 'PELATIHAN DAN BIMBINGAN PENULISAN KARYA ILMIAH BAGI GURU-GURU SMK PARIWISATA SIAK SRI INDRAPURA', 29, 1, 4, 2017, 0.00, '-', ''),
('Un.04/L.I/TL.01/2476/2017', 'YUNI FATISA, M.Si.\r\nLISA UTAMI, S.Pd. MSi.', 'APLIKASI TEKNOLOGI FERMENTASI LIMBAH KUBIS SEBAGAI PENGAWET ALAMI PENANGANAN PASCA PANEN IKAN PADANG KELOMPOK NELAYAN DI TEMPAT PELELANGAN IKAN (TPI) PURNAMA DUMAI ', 26, 1, 4, 2017, 0.00, '-', ''),
('Un.04/L.I/TL.01/2477/2017', 'Dr. ARSYADI ALI, S.Pt.,M.Agr. Sc.,\r\nRESTU MISRIANTI, S.Pt.,MSi.', 'PELATIHAN PEMBUATAN PELLET SILASE PELEPAH KELAPA SAWIT SEBAGAI PAKAN TERNAK DI KELOMPOK TANI TERNAK BUKIT BATANG POTAI DESA PENYASAWAN KECAMATAN KAMPAR', 26, 8, 4, 2017, 0.00, '-', ''),
('Un.04/L.I/TL.01/2484/2017', 'Dra. FITRI REFELITA, M.Si.,\r\nZONA OCTARIA, M.Si.', 'PELATIHAN PEMBUATAN NATA DE COCO UNTUK MEMANFAATKAN LIMBAH AIR KELAPA DI KELURAHAN SUKAMAJU KECAMATAN SAIL PEKANBARU ', 37, 1, 4, 2017, 0.00, '-', ''),
('Un.04/L.I/TL.01/2486/2017', 'MELFA YOLA, ST., M.Eng.\r\nMISRAHARTATI, ST.,MT.', 'PEMBINAAN UKM KERIPIK NENAS DESA KUALU NENAS DALAM PERBAIKAN KEMASAN PRODUK', 29, 7, 4, 2017, 0.00, '-', ''),
('Un.04/L.I/TL.01/2487/2017', 'Dr. ZAITUN, M.Ag.,\r\nHANAFI, M.Ag.', 'BIMTEK PENINGKATAN EMPATI DAN ASERTIVENESS KOLABORASI GURU PAI DAN BK UNTUK MEREDUKSI PERILAKU BULLYING DI SEKOLAH MENENGAH SEKECAMATAN LIMA PULUH KOTA PEKANBARU', 29, 1, 4, 2017, 0.00, '-', ''),
('Un.04/L.I/TL.01/2492/2017', 'Dr. MAHYARNI, SE, MM., Dra. ASMIWATI, M.Ag.', 'PENDAMPINGAN UMKM DALAM MENGHADAPI PERSAINGAN (FOKUS KAJIAN PADA HIGIENIS/ KESEHATAN PRODUK DI KECAMATAN KUOK KABUPATEN KAMPAR)', 26, 4, 4, 2017, 0.00, '-', ''),
('Un.04/L.I/TL.01/2548/2017', 'Dr. HIDAYATI, S.Pt., M.P.\r\nIr. ENIZA SALEH, M.S.', 'OPTIMALISASI PEMBERDAYAAN PEREMPUAN DI DESA WISATA BULUH CINA KABUPATEN KAMPAR MELALUI BUDIDAYA TERNAK ITIK DALAM MENINGKATKAN EKONOMI KELUARGA', 29, 8, 4, 2017, 0.00, '-', ''),
('Un.04/L.I/TL.01/2908/2017', 'MUHAMMAD NURWAHID, M.Ag.,\r\nAHMAD MAS\'ARI. MA. HK.', 'EDUKASI URGENSI LEGALITAS PENCATATAN PERNIKAHAN BAGI MASYARAKAT DESA KUALA NENAS', 37, 5, 4, 2017, 0.00, '-', ''),
('Un.04/L.I/TL.01/3344.a/2016', 'Dr. LENY NOFIANTI MS, SE, M.Si, Ak.,\r\nSUSNANINGSIH MU\'AT, SE. MM.', 'PENDAMPINGAN PENGELOLAAN KEUANGAN DAN AKUNTASI DALAM RANGKA MEWUJUDKAN TRANSPARANSI DAN AKUNTABILITAS PADA MASJID PARIPURNA KEC TAMPAN KOTA PEKANBARU', 37, 4, 3, 2016, 0.00, '-', ''),
('Un.04/L.I/TL.01/3549/2016', 'BAMBANG HERMANTO, MA.', 'TINGKAT KEPUASAN NASABAH BANK SYARIAH MANDIRI PEKANBARU TERHADAP PRODUK PEMBIAYAAN MURABAHAH', 10, 5, 3, 2016, 0.00, '-', ''),
('Un.04/L.I/TL.01/3627.a/2016', 'MUHAMMAD NURWAHID, M.Ag.,\r\nDrs.YUSRAN SABILI, MA.', 'PEMBINAAN REMAJA BERBASIS MESJID DI DESA SUNGAI TONANG KECAMATAN KAMPAR UTARA KABUPATEN KAMPAR', 37, 5, 3, 2016, 0.00, '-', ''),
('Un.04/L.I/TL.01/3634.a/2016', 'Dr. Yendraliza,S.Pt.,M.P.,\r\nDr. TRIANI ADELINA, S.Pt., M.P.', 'PENDAMPINGAN PENGGUNAAN KIT(KARTU IMUNISASI TERNAK) UNTUK MENINGKATKAN PERFORMAN PRODUKSI DAN REPSODUKSI SAPI LOKAL DI SENTRAK PETERNAKAN RAKYAT RAMBAH SAMO MAJU BAROKAH KABUPATEN ROKAN HULU', 37, 8, 3, 2016, 0.00, '-', ''),
('Un.04/L.I/TL.01/3637.a/2016', 'Dr. Hj. Zulhidah, M.Pd.,\r\nDra. MEIMUNAH, SM. M. Ag.', 'WORKSHOP PEMBELAJARAN AKTIF DAN PENDAMPINGAN BAGI GURU BAHASA ARAB DAN INGGRIS SEKOLAH DASAR ISLAM TERPADU FUTURE ISLAMIC SCHOOL PEKANBARU', 37, 1, 3, 2016, 0.00, '-', ''),
('Un.04/L.I/TL.01/3638.a/2016', 'DR. ELFIANDRI M.Si.\r\nFEBRI RAHMI, SE. MSc. Ak.', 'PELATIHAN  KOMUNIKASI BISNIS DAN PENGELOLAAN USAHA SABLON DENGAN TEKNIK ALAT PENYIARAN SEDERHANA', 30, 6, 3, 2016, 0.00, '-', ''),
('Un.04/L.I/TL.01/3640.a/2016', 'MAWARDI, S.Ag, MSi., \r\nDARMAWAN TIA INDRAJAYA, M.Ag., \r\nRONI KURNIAWAN, SH, MH.', 'PEMBERDAYAAN EKONOMI  WARGA PANTI ASUHAN AL-MUNAWAWAH KOTA DUMAI MELALUI PENINGKATAN KETERAMPILAN', 37, 5, 3, 2016, 0.00, '-', ''),
('Un.04/L.I/TL.01/3641.a/2016', 'DEWI ANANDA MUCRA, S.Pt., MP., \r\nIr. ENIZA SALEH, MS', 'PENDAMPINGAN MASYARAKAT MELALUI PEMBUATAN SILASE DAN PRODUKSI BAKTERI ASAM LAKTAT BERBAGAI LIMBAH SAYUR PASAR DI KABUPATEN KUANTAN SINGINGI', 37, 8, 3, 2016, 0.00, '-', ''),
('Un.04/L.I/TL.01/3642.a/2016', 'Drs. Suhaimi, M.Ag.,\r\nMIFTAHUDDIN, M.Ag.,\r\nM. FAHLIL ZATRAHADI, M.Pd', 'PEMBINAAN PENGAMALAN KEAGAMAAN SUKU TERASING PADA SUKU AKIT DI KABUPATEN BENGKALIS RIAU', 37, 6, 3, 2016, 0.00, '-', ''),
('Un.04/L.I/TL.01/3652.a/2016', 'Dr. H. KUSNADI, M.Pd.,\r\nSUSILAWATI, M.Pd.,\r\nTHERESIA LIDYA NOVA, M.Pd', 'PEMBERDAYAAN FORUM KELOMPOK KERJA MADRASAH (KKM) DALAM MEMPERBAIKI MISKONSEPSI GURU PADA MATERI IPA DI KABUPATEN KARIMUN', 30, 1, 3, 2016, 0.00, '-', ''),
('Un.04/L.I/TL.01/3657.a/2016', 'Dr. MASDUKI, M.Ag.,\r\nVERA SARDILA, M.Pd.,\r\nPIPIR ROMADI, S.Kom.I.', 'PENDAMPINGAN PENGUATAN AQIDAH MASYARAKAT MUSLIM MUALLAF MELALUI KEGIATAN EKONOMI BERBASIS HOME INDUSTRI DIDESA SELAT AKAR KECAMATAN TASIK PUTRI PUYU KABUPATEN KEPULAUAN MERANTI', 37, 6, 3, 2016, 0.00, '-', ''),
('Un.04/L.I/TL.01/3659.a/2016', 'ANWAR EFENDI HARAHAP, S.Pt., M.Si., \r\nOKSANA, SP., MP.', 'PENGUATAN EKONOMI MASYARAKAT MELALUI PEMANFAATAN TEPUNG BIJI KARET FERMENTASI SEBAGAI RANSUM PUYUH PETELUR DI KABUPATEN KUANTAN SINGINGI', 37, 8, 3, 2016, 0.00, '-', ''),
('Un.04/L.I/TL.01/3664.a/2016', 'H. JOHAR ARIFIN, LC, MA.,\r\nM. YASIR, S.Th.I, MA.', 'PEMBERDAYAAN EKONOMI UMMAT MELALUI PELATIH PENGELOLAAN ZAKAT PERKEBUNAN SAWIT BAGI PENGURUS KUD LANGGENG DESA MARSAWA KECAMATAN SENTAJO RAYA KABUPATEN K. SINGINGI', 37, 2, 3, 2016, 0.00, '-', ''),
('Un.04/L.I/TL.01/3679.a/2016', 'Dr. HUSNI THAMRIN, M.Si., \r\nDr. SITI RAHMAH, M.Si', 'PELATIHAN PENULISAN KARYA ILMIYAH BAGI GURU SEKOLAH SE-KECAMATAN BUKIT KAPUR KOTA DUMAI PROVINSI RIAU', 30, 10, 3, 2016, 0.00, '-', ''),
('Un.04/L.I/TL.01/3681.a/2016', 'Dra. SYAFI\'AH, M.Ag., \r\nNURZENA, M.Ag.', 'PELATIHAN PENYELENGGARAAN JENAZAH DI DESA SEI. SIALANG KECAMATAN BATU HAMPAR KABUPATEN ROKAN HILIR', 37, 1, 3, 2016, 0.00, '-', ''),
('Un.04/L.I/TL.03/    /2014', 'Drs. GINDA, M.Ag.,\r\nYEFNI, M.Si.,\r\nM. SOIM, M.Ag', 'UPAYA PEMBERDAYAAN PENDAPATAN EKONOMI KELUARGA PETANI PEREMPUAN MELALUI PELATIHAN PENDIRIAN DAN PENGELOLAAN KOPRASI', 37, 6, 1, 2014, 0.00, '-', ''),
('Un.04/L.I/TL.03/----/2014', 'MARDHIAH RUBANI, M.Si., \r\nROSMITA, M.AG.,\r\nLISTIAWATI SUSANTI, MA.,\r\nNURUL FADILLAH', 'PELATIHAN PEMBERDAYAAN MASYARAKAT BERBASIS EKONOMI KREATIF PEMBUATAN MINIATUR POHON SAKURA DARI LIMBAH KULIT BAWANG', 37, 6, 1, 2014, 0.00, '-', ''),
('Un.04/L.I/TL.03//2014', 'JASRIL,S.Si,M.Sc., \r\nNAZRUDDIN SAFAAT H, MT', 'PENGEMBANGAN PERANGKAT LUNAK PENGELOLAAN ALOKASI DANA DESA BERBASIS ANDROID (SELAT PANJANG, KABUPATEN MERANTI)', 37, 7, 1, 2014, 0.00, '-', ''),
('Un.04/L.I/TL.03/2015/2017', 'Drs. H. ARBI, M.Si., HERLINA, S.Ag, M.Ag.', 'PELATIHAN KETERAMPILAN MENGAJAR BERBASIS ISLAM BAGI GURU-GURU SEKOLAH DASAR NEGERI DI LOKASI KKN KABUPATEN BENGKALIS RIAU', 34, 1, 4, 2017, 0.00, '-', ''),
('Un.04/L.I/TL.03/542.-/2014', 'Dr. MAHYARNI, SE,MM.', 'PENYULUHAN SOSIAL BAGI KADER POS PELAYANAN TERPADU UNTUK MENINGKATKAN GIZI BALITA DI KEC. KUOK', 37, 4, 1, 2014, 0.00, '-', ''),
('Un.04/L.I/TL.03/542.1/2014', 'Fitra Herlinda, M.Ag.', 'PELATIHAN KERAJINAN TANGAN DARI BAHAN DAUR ULANG BAGI MASYARAKAT KELURAHAN BATU BERSURAT KECAMATAN XIII KOTO KAMPAR KABUPATEN KAMPAR', 37, 1, 1, 2014, 0.00, '-', ''),
('Un.04/L.I/TL.03/542.11/2014', 'Dr. Alex Wenda, ST, MT., \r\nTengku Nurainun, MT., \r\nMulyono, ST, MT.', 'PROGRAM PELATIHAN DAN PEMBINAAN DESA HEMAT ENERGY BAGI SISWA SEKOLAH DASAR DAN MENENGAH DI DESA KUANTAN TENGAN KAB. KUANTAN SENGINGI', 25, 7, 1, 2014, 0.00, '-', ''),
('Un.04/L.I/TL.03/542.13/2014', 'Drs. M. TAUHID MAHMUDI, MA.', 'PEMBINAAN BUDI DAYA AYAM ORGANIK DI KABUPATEN KEPULAUAN MERANTI', 37, 1, 1, 2014, 0.00, 'DIPA UIN SUSKA TAHUN 2014', ''),
('Un.04/L.I/TL.03/542.14/2014', 'YUSRIALIS, SE, M.Si.', 'PENGUATAN KELEMBAGAAN DAN PENYUSUNAN BUSINESS PLAN USAHA SYARIAH DI KECAMATAN TAMBANG', 7, 9, 1, 2014, 0.00, '-', ''),
('Un.04/L.I/TL.03/542.3/2014', 'Dr. Hasbullah, M.Si.', 'MASJID SEBAGAI PUSAT PEMBERDAYAAN DAN PEMBINAAN MASYARAKAT', 37, 2, 1, 2014, 0.00, '-', ''),
('Un.04/L.I/TL.03/542.4/2014', 'ABD GHOFUR, M.Ag.,\r\nKHAMIM, M.Ag.', 'PELATIHAN IMAM, KHATIB DAN PELAKSANAAN FARDHU KIFAYAH', 37, 2, 1, 2014, 0.00, '-', ''),
('Un.04/L.I/TL.03/542.5/2014', 'MUHAMMAD NURWAHID, M.Ag.', 'PEMBENTUKAN DAN PEMBINAAN BMT DI MASJID', 37, 5, 1, 2014, 0.00, '-', ''),
('Un.04/L.I/TL.03/542.6/2014', 'Aulia Rani Annisava.S.P, M.Sc.,\r\nZUMARNI, S.Pt,. M.P.,\r\nDEWI SUKARTIK, S.Sos., M.Sc', 'PELATIHAN PENANAMAN OBAT SEBAGAI APOTEK HIDUP DI DESA PULAU JAMBU KABUPATEN KAMPAR', 37, 8, 1, 2014, 0.00, '-', ''),
('Un.04/L.I/TL.03/542.9/2014', 'HASWIR, M.Ag.', 'PELATIHAN INSTRUKTUR PENYELENGGARAAN JENAZAH BAGI IMAM DAN KHATIB JUMAT', 7, 9, 1, 2014, 0.00, '-', ''),
('Un.04/L.I/TL.03/547.1/2014', 'Drs. HUSNI THAMBRIN, M.Si.,\r\nBUDI AZMOR,\r\nRIZYUNIWAN ERSA', 'PENANAMAN MANGROVE DI PESISIR KOTA DUMAI', 37, 1, 1, 2014, 0.00, '-', ''),
('Un.04/L.I/TL.03/548.1/2014', 'MASYHURI, S.Psi. M.Si.', 'PROSES PEMBELAJARAN PENDIDIKAN ANAK USIA DINI MELALUI PENDEKATAN KONSTRUKTIVISME DAN MODEL PEMBELAJARAN BERMAIN KREATIF (CREATIVITY PLAY MODEL)', 37, 3, 1, 2014, 0.00, '-', ''),
('Un.04/L.I/TL.03/549.1/2014', 'Dr. KADAR M. YUSUF, M.Ag.,\r\nABDURRAHMAN, M.Ag.,\r\nZAINAB, S.Ag', 'PENGEMBANGAN KOMPETENSI INTI 1 (SPIRITUAL) DALAM PEMBELAJARAN PAI, SAINS SOSIAL, DAN EKSAKTA BAGI GURU MTs MA MUHAJIRIN PANCURAN GADING', 37, 1, 1, 2014, 0.00, 'DIPA UIN SUSKA TAHUN 2014', ''),
('Un.04/L.I/TL.06/2327/2018', 'ANOFRIZEN, M.Kom., AFRIJON, S.Si. M.Ed.', 'PELATIHAN MATEMATIKA GASING PADA MATERI PERKALIAN DUA DIGIT DENGAN DUA DIGIT UNTUK SISWA KELAS VI SEKOLAH DASAR NEGERI 012 KUALU TAMBANG KAMPAR', 27, 7, 5, 2018, 0.00, '-', ''),
('Un.04/L.I/TL.06/3661/2016', 'IKHWANI RATNA, SE, M.Si, Ak.,\r\nHIDAYAT NASRAH, SE.M.Acc, Ak', 'PENGENALAN INTERNET SEBAGAI MEDIA PERDAGANGAN ONLINE (E-COMMERSE) BAGI WARGA DESA MUARA JALAI KABUPATEN KAMPAR', 37, 4, 3, 2016, 0.00, '-', ''),
('Un.04/L.I/TP.06/2099/2017', 'Dra. Hj. SAKILAH, M.Pd., \r\nYASNEL, M.Ag', 'PELATIHAN PENYELENGGARAAN JENAZAH BAGI MASYARAKAT DESA BALUNG KECAMATAN XIII KOTO KAMPAR SEBAGAI DESA BINAAN UIN SUSKA RIAU', 27, 1, 4, 2017, 0.00, '-', '');

-- --------------------------------------------------------

--
-- Struktur dari tabel `rak`
--

CREATE TABLE `rak` (
  `id_rak` int(11) NOT NULL,
  `nama_rak` varchar(50) NOT NULL
) ENGINE=InnoDB DEFAULT CHARSET=latin1;

--
-- Dumping data untuk tabel `rak`
--

INSERT INTO `rak` (`id_rak`, `nama_rak`) VALUES
(1, 'Rak 1'),
(2, 'Rak 2 '),
(3, 'Rak 3'),
(4, 'Rak 4'),
(5, 'Rak 5'),
(6, 'Rak 6');

-- --------------------------------------------------------

--
-- Struktur dari tabel `user`
--

CREATE TABLE `user` (
  `id` int(11) NOT NULL,
  `username` varchar(20) COLLATE utf8_unicode_ci NOT NULL,
  `auth_key` varchar(32) COLLATE utf8_unicode_ci NOT NULL,
  `password_hash` varchar(60) COLLATE utf8_unicode_ci NOT NULL,
  `password_reset_token` varchar(255) COLLATE utf8_unicode_ci DEFAULT NULL,
  `email` varchar(255) COLLATE utf8_unicode_ci NOT NULL,
  `status` smallint(6) NOT NULL DEFAULT '10',
  `hak_akses` varchar(30) COLLATE utf8_unicode_ci NOT NULL,
  `created_at` int(11) NOT NULL,
  `updated_at` int(11) NOT NULL
) ENGINE=InnoDB DEFAULT CHARSET=utf8 COLLATE=utf8_unicode_ci;

--
-- Dumping data untuk tabel `user`
--

INSERT INTO `user` (`id`, `username`, `auth_key`, `password_hash`, `password_reset_token`, `email`, `status`, `hak_akses`, `created_at`, `updated_at`) VALUES
(1, 'fauzi', '6NFqFk1JWa6Qlpx8_v0BvO8x3JJjbqEC', '$2y$13$H2Zr5.1YulpUpW5jMIh6FOV73eWWv2AWr8atHiWaN1BaG2gMjkt6.', NULL, 'ahmadfauzirahman99@gmail.com', 10, '', 1553148822, 1553148822),
(2, 'arif', 'Tq1N-0rQPy2rvSaZ8yLRT_upG_BJY4xQ', '$2y$13$nRFMbBr09njRgWL3WPbL4euOJZqD/ctDNf6eGA.EwiPVouHgNnpbW', NULL, 'arif@gmail.com', 10, 'penelitian_admin', 1553215915, 1553215915),
(3, 'izza', 'SmMhlBq5z91FU82ZTK86pYwvYxO459bM', '$2y$13$WfaWrMikKDB9n683I/0.0Oe9MuVYpzyj.WDpjDKYuB1iZhsZfbrJK', NULL, 'izza@gmail.com', 10, 'pengabdian_admin', 1553695064, 1553695064),
(4, 'ara', 'XbUcVcdB_tlVup5C2x5NFRYMVIUucBMb', '$2y$13$JY79ISfR5iZ0qW4aCI4H0..1SmvVsgQTRsH0lnHtNvDTCmShHiwn.', NULL, 'ara@gmail.com', 10, 'summary_admin', 1553695082, 1553695082),
(5, 'iqbal', 'x80hlb0sOSg76JwGVThnYYiXVpJG2aqF', '$2y$13$c1qHJ04BS1RSypZDlYmjpO1TDJqDrbY2ucCWFyilcJsGzeN1SOhNW', NULL, 'iqbal@mail.com', 10, 'dosen', 1553223081, 1553223081),
(8, 'rofy', 'x80hlb0sOSg76JwGVThnYYiXVpJG2aqF', '$2y$13$c1qHJ04BS1RSypZDlYmjpO1TDJqDrbY2ucCWFyilcJsGzeN1SOhNW', NULL, 'rofy@mail.com', 10, 'dosen', 1553223081, 1553223081),
(9, 'admin', 'Tq1N-0rQPy2rvSaZ8yLRT_upG_BJY4xQ', '$2y$13$nRFMbBr09njRgWL3WPbL4euOJZqD/ctDNf6eGA.EwiPVouHgNnpbW', NULL, 'admin@gmail.com', 10, 'outcome_admin', 1553215915, 1553215915);

--
-- Indexes for dumped tables
--

--
-- Indeks untuk tabel `buku`
--
ALTER TABLE `buku`
  ADD PRIMARY KEY (`isbn`);

--
-- Indeks untuk tabel `cluster`
--
ALTER TABLE `cluster`
  ADD PRIMARY KEY (`id_cluster`);

--
-- Indeks untuk tabel `fakultas`
--
ALTER TABLE `fakultas`
  ADD PRIMARY KEY (`id_fakultas`);

--
-- Indeks untuk tabel `jenis_jurnal`
--
ALTER TABLE `jenis_jurnal`
  ADD PRIMARY KEY (`id`);

--
-- Indeks untuk tabel `jurnal`
--
ALTER TABLE `jurnal`
  ADD PRIMARY KEY (`id`);

--
-- Indeks untuk tabel `migration`
--
ALTER TABLE `migration`
  ADD PRIMARY KEY (`version`);

--
-- Indeks untuk tabel `outcome`
--
ALTER TABLE `outcome`
  ADD PRIMARY KEY (`id`);

--
-- Indeks untuk tabel `pegawai`
--
ALTER TABLE `pegawai`
  ADD PRIMARY KEY (`id_pegawai`),
  ADD KEY `nip` (`nip`);

--
-- Indeks untuk tabel `penelitian`
--
ALTER TABLE `penelitian`
  ADD PRIMARY KEY (`no_sk`);

--
-- Indeks untuk tabel `pengabdian`
--
ALTER TABLE `pengabdian`
  ADD PRIMARY KEY (`no_sk`);

--
-- Indeks untuk tabel `rak`
--
ALTER TABLE `rak`
  ADD PRIMARY KEY (`id_rak`);

--
-- Indeks untuk tabel `user`
--
ALTER TABLE `user`
  ADD PRIMARY KEY (`id`),
  ADD UNIQUE KEY `username` (`username`),
  ADD UNIQUE KEY `email` (`email`),
  ADD UNIQUE KEY `password_reset_token` (`password_reset_token`);

--
-- AUTO_INCREMENT untuk tabel yang dibuang
--

--
-- AUTO_INCREMENT untuk tabel `cluster`
--
ALTER TABLE `cluster`
  MODIFY `id_cluster` int(11) NOT NULL AUTO_INCREMENT, AUTO_INCREMENT=38;

--
-- AUTO_INCREMENT untuk tabel `fakultas`
--
ALTER TABLE `fakultas`
  MODIFY `id_fakultas` int(11) NOT NULL AUTO_INCREMENT, AUTO_INCREMENT=12;

--
-- AUTO_INCREMENT untuk tabel `jenis_jurnal`
--
ALTER TABLE `jenis_jurnal`
  MODIFY `id` int(11) NOT NULL AUTO_INCREMENT, AUTO_INCREMENT=20;

--
-- AUTO_INCREMENT untuk tabel `jurnal`
--
ALTER TABLE `jurnal`
  MODIFY `id` int(11) NOT NULL AUTO_INCREMENT, AUTO_INCREMENT=234235;

--
-- AUTO_INCREMENT untuk tabel `pegawai`
--
ALTER TABLE `pegawai`
  MODIFY `id_pegawai` int(11) NOT NULL AUTO_INCREMENT;

--
-- AUTO_INCREMENT untuk tabel `rak`
--
ALTER TABLE `rak`
  MODIFY `id_rak` int(11) NOT NULL AUTO_INCREMENT, AUTO_INCREMENT=7;

--
-- AUTO_INCREMENT untuk tabel `user`
--
ALTER TABLE `user`
  MODIFY `id` int(11) NOT NULL AUTO_INCREMENT, AUTO_INCREMENT=10;
COMMIT;

/*!40101 SET CHARACTER_SET_CLIENT=@OLD_CHARACTER_SET_CLIENT */;
/*!40101 SET CHARACTER_SET_RESULTS=@OLD_CHARACTER_SET_RESULTS */;
/*!40101 SET COLLATION_CONNECTION=@OLD_COLLATION_CONNECTION */;
